P572460	BM 043974 + BM 046971	British Museum, London, UK			tablet	primary	text no. 2	
P572477	BM 046804	British Museum, London, UK			tablet	primary	text m2	
P343646	CDLI Literary 000350, ex. 014 &amp; 000351, ex. 164	Arkeoloji M=C3=BCzeleri, Istanbul, Turkey	Old Babylonian (ca. 1900-1600 BC)	Nippur (mod. Nuffar)	tablet	history	2, 018 G4	
P278351	CDLI Literary 000350, ex. 052 &amp; 000351, ex. 166	Penn Museum, Philadelphia, Pennsylvania, USA	Old Babylonian (ca. 1900-1600 BC)	Nippur (mod. Nuffar)	tablet	history	2 (1973) 017 X2	
P346516	CDLI Literary 000350, ex. 054 &amp; 000351, ex. 167	British Museum, London, UK	Old Babylonian (ca. 1900-1600 BC)	Ur (mod. Tell Muqayyar)	tablet	history	2, 017 D3 (cited as 70)	
P357087	CDLI Literary 000351, ex. 001	British Museum, London, UK	Neo-Assyrian (ca. 911-612 BC)	Nineveh (mod. Kuyunjik)	tablet	history	2 (1983) 020 t	
P414333	CDLI Literary 000351, ex. 002	Vorderasiatisches Museum, Berlin, Germany	Hellenistic (323-63 BC)	Babylon (mod. B=C4=81bil)	tablet	history	2 (1983) 021 b1	
P357102	CDLI Literary 000351, ex. 003	British Museum, London, UK	Neo-Assyrian (ca. 911-612 BC)	Nineveh (mod. Kuyunjik)	tablet	history	2 (1983) 020 p	
P357099	CDLI Literary 000351, ex. 004	British Museum, London, UK	Neo-Assyrian (ca. 911-612 BC)	Nineveh (mod. Kuyunjik)	tablet	history	2 (1983) 021 a1	
P357089	CDLI Literary 000351, ex. 005	British Museum, London, UK	Neo-Assyrian (ca. 911-612 BC)	Nineveh (mod. Kuyunjik)	tablet	history	2 (1983) 021 f1	
P357110	CDLI Literary 000351, ex. 006	British Museum, London, UK	Neo-Assyrian (ca. 911-612 BC)	Nineveh (mod. Kuyunjik)	tablet	history	2 (1983) 020 k	
P264622	CDLI Literary 000351, ex. 007	Penn Museum, Philadelphia, Pennsylvania, USA	Old Babylonian (ca. 1900-1600 BC)	Nippur (mod. Nuffar)	tablet	history	2 (1983) 015 H1	
P265221	CDLI Literary 000351, ex. 008	Penn Museum, Philadelphia, Pennsylvania, USA	Old Babylonian (ca. 1900-1600 BC)	Nippur (mod. Nuffar)	tablet	history	2 (1983) 015 I1 (citations p. lxxxiv)	
P258539	CDLI Literary 000351, ex. 009	Penn Museum, Philadelphia, Pennsylvania, USA	Old Babylonian (ca. 1900-1600 BC)	Nippur (mod. Nuffar)	tablet	history	2 (1983) 017 H3	
P266252	CDLI Literary 000351, ex. 010	Penn Museum, Philadelphia, Pennsylvania, USA	Old Babylonian (ca. 1900-1600 BC)	Nippur (mod. Nuffar)	tablet	history	2 (1983) 016 C2 (citations pl. lxxxvi)	
P259285	CDLI Literary 000351, ex. 011	Penn Museum, Philadelphia, Pennsylvania, USA	Old Babylonian (ca. 1900-1600 BC)	Nippur (mod. Nuffar)	tablet	history	2 (1983) 017 Y2 (citations p. lxxxvi)	
P268188	CDLI Literary 000351, ex. 012	Penn Museum, Philadelphia, Pennsylvania, USA	Old Babylonian (ca. 1900-1600 BC)	Nippur (mod. Nuffar)	tablet	history	2 (1983) 014 C1 (citations pl.lxxxiii)	
P259251	CDLI Literary 000351, ex. 013 &amp; 000396, ex. 072	Penn Museum, Philadelphia, Pennsylvania, USA	Old Babylonian (ca. 1900-1600 BC)	Nippur (mod. Nuffar)	tablet	history	2 (1983) 017, Z2 + W4	
P414088	CDLI Literary 000351, ex. 014	British Museum, London, UK	Neo-Assyrian (ca. 911-612 BC)	Nineveh (mod. Kuyunjik)	tablet	history	2 (1983) 020 w	
P357108	CDLI Literary 000351, ex. 015	British Museum, London, UK	Neo-Assyrian (ca. 911-612 BC)	Nineveh (mod. Kuyunjik)	tablet	history	2 (1983) 020 ( l + o)	
P345084	CDLI Literary 000351, ex. 016	Arkeoloji M=C3=BCzeleri, Istanbul, Turkey	Old Babylonian (ca. 1900-1600 BC)	Nippur (mod. Nuffar)	tablet	history	2 (1983) 016 N2	
P345085	CDLI Literary 000351, ex. 017	Arkeoloji M=C3=BCzeleri, Istanbul, Turkey	Old Babylonian (ca. 1900-1600 BC)	Nippur (mod. Nuffar)	tablet	history	2 (1983) 017 Z3	
P345105	CDLI Literary 000351, ex. 018	Arkeoloji M=C3=BCzeleri, Istanbul, Turkey	Old Babylonian (ca. 1900-1600 BC)	Nippur (mod. Nuffar)	tablet	history	2 (1983) 014 D1	
P461892	CDLI Literary 000351, ex. 019	Louvre Museum, Paris, France	Neo-Babylonian (ca. 626-539 BC)		tablet	history	2 (1983) 020 y	
P282599	CDLI Literary 000351, ex. 020	Vorderasiatisches Museum, Berlin, Germany	Middle Assyrian (ca. 1400-1000 BC)	Assur (mod. Qalat Sherqat)	tablet	history	2 (1983) 019 h	
P282600	CDLI Literary 000351, ex. 021	Vorderasiatisches Museum, Berlin, Germany	Middle Assyrian (ca. 1400-1000 BC)	Assur (mod. Qalat Sherqat)	tablet	history	2 (1983) 021 d1	
P373820	CDLI Literary 000351, ex. 022	British Museum, London, UK	Neo-Assyrian (ca. 911-612 BC)	Nineveh (mod. Kuyunjik)	tablet	history	2 (1983) 019 f	
P269182	CDLI Literary 000351, ex. 023	Penn Museum, Philadelphia, Pennsylvania, USA	Old Babylonian (ca. 1900-1600 BC)	Nippur (mod. Nuffar)	tablet	history	2 (1983) 018 A4	
P345310	CDLI Literary 000351, ex. 024	Arkeoloji M=C3=BCzeleri, Istanbul, Turkey	Old Babylonian (ca. 1900-1600 BC)	Nippur (mod. Nuffar)	tablet	history	2 (1983) 015 L1	
P345312	CDLI Literary 000351, ex. 025	Arkeoloji M=C3=BCzeleri, Istanbul, Turkey	Old Babylonian (ca. 1900-1600 BC)	Nippur (mod. Nuffar)	tablet	history	2 (1983) 015 N1	
P345426	CDLI Literary 000351, ex. 026	Louvre Museum, Paris, France	Old Babylonian (ca. 1900-1600 BC)	uncertain (mod. uncertain)	tablet	history	2 (1983) 019 b	
P262987	CDLI Literary 000351, ex. 027	Penn Museum, Philadelphia, Pennsylvania, USA	Old Babylonian (ca. 1900-1600 BC)	Nippur (mod. Nuffar)	tablet	history	2 (1983) 015 O1 (citations p. lxxxiv)	
P262932	CDLI Literary 000351, ex. 028	Penn Museum, Philadelphia, Pennsylvania, USA	Old Babylonian (ca. 1900-1600 BC)	Nippur (mod. Nuffar)	tablet	history	2 (1983) 015 K1 (citations p.lxxxiv)	
P262188	CDLI Literary 000351, ex. 029	Penn Museum, Philadelphia, Pennsylvania, USA	Old Babylonian (ca. 1900-1600 BC)	Nippur (mod. Nuffar)	tablet	history	2 (1983) 015 W1 (citations p. lxxxv)	
P264331	CDLI Literary 000351, ex. 030	Penn Museum, Philadelphia, Pennsylvania, USA	Old Babylonian (ca. 1900-1600 BC)	Nippur (mod. Nuffar)	tablet	history	2 (1983) 016 K2 (+) L2	
P263283	CDLI Literary 000351, ex. 031	Penn Museum, Philadelphia, Pennsylvania, USA	Old Babylonian (ca. 1900-1600 BC)	Nippur (mod. Nuffar)	tablet	history	2 (1983) 018 T3	
P268891	CDLI Literary 000351, ex. 032	Penn Museum, Philadelphia, Pennsylvania, USA	Old Babylonian (ca. 1900-1600 BC)	Nippur (mod. Nuffar)	tablet	history	2 (1983) 014 U	
P266186	CDLI Literary 000351, ex. 033	Penn Museum, Philadelphia, Pennsylvania, USA	Old Babylonian (ca. 1900-1600 BC)	Nippur (mod. Nuffar)	tablet	history	2 (1983) 014 V (citations pl. lxxxiii)	
P262174	CDLI Literary 000351, ex. 034	Penn Museum, Philadelphia, Pennsylvania, USA	Old Babylonian (ca. 1900-1600 BC)	Nippur (mod. Nuffar)	tablet	history	2 (1983) 014 (O)	
P345137	CDLI Literary 000351, ex. 035	Arkeoloji M=C3=BCzeleri, Istanbul, Turkey	Old Babylonian (ca. 1900-1600 BC)	Nippur (mod. Nuffar)	tablet	history	2 (1983) 013 C	
P345138	CDLI Literary 000351, ex. 036	Arkeoloji M=C3=BCzeleri, Istanbul, Turkey	Old Babylonian (ca. 1900-1600 BC)	Nippur (mod. Nuffar)	tablet	history	2 (1983) 013 B	
P345139	CDLI Literary 000351, ex. 037	Arkeoloji M=C3=BCzeleri, Istanbul, Turkey	Old Babylonian (ca. 1900-1600 BC)	Nippur (mod. Nuffar)	tablet	history	2 (1983) 015 X1	
P345140	CDLI Literary 000351, ex. 038	Arkeoloji M=C3=BCzeleri, Istanbul, Turkey	Old Babylonian (ca. 1900-1600 BC)	Nippur (mod. Nuffar)	tablet	history	2 (1983) 014 N	
P345264	CDLI Literary 000351, ex. 039	Arkeoloji M=C3=BCzeleri, Istanbul, Turkey	Old Babylonian (ca. 1900-1600 BC)	Nippur (mod. Nuffar)	tablet	history	2 (1983) 018 U3	
P413913	CDLI Literary 000351, ex. 040	Arkeoloji M=C3=BCzeleri, Istanbul, Turkey	Neo-Assyrian (ca. 911-612 BC)	Assur (mod. Qalat Sherqat)	tablet	history	2 (1983) 020 n	
P461685	CDLI Literary 000351, ex. 041	Arkeoloji M=C3=BCzeleri, Istanbul, Turkey	Old Babylonian (ca. 1900-1600 BC)	Nippur (mod. Nuffar)	tablet	history	2 (1983) 018 X3	
P237384	CDLI Literary 000351, ex. 042	British Museum, London, UK	Neo-Assyrian (ca. 911-612 BC)	Nineveh (mod. Kuyunjik)	tablet	history	2 (1983) 019 g	
P237352	CDLI Literary 000351, ex. 043	British Museum, London, UK	Neo-Assyrian (ca. 911-612 BC)	Nineveh (mod. Kuyunjik)	tablet	history	2 (1983) 019 c	
P357140	CDLI Literary 000351, ex. 044	British Museum, London, UK	Neo-Assyrian (ca. 911-612 BC)	Nineveh (mod. Kuyunjik)	tablet	history	2 (1983) 021 c1	
P346088	CDLI Literary 000351, ex. 045	British Museum, London, UK	Old Babylonian (ca. 1900-1600 BC)	Ur (mod. Tell Muqayyar)	tablet	history	015, M1	
P346089	CDLI Literary 000351, ex. 046	British Museum, London, UK	Old Babylonian (ca. 1900-1600 BC)	Ur (mod. Tell Muqayyar)	tablet	history	2 (1983) 015 S1	
P346090	CDLI Literary 000351, ex. 047	British Museum, London, UK	Old Babylonian (ca. 1900-1600 BC)	Ur (mod. Tell Muqayyar)	tablet	history	2 (1983) 016 F2	
P346091	CDLI Literary 000351, ex. 048	British Museum, London, UK	Old Babylonian (ca. 1900-1600 BC)	Ur (mod. Tell Muqayyar)	tablet	history	2 (1983) 016 H2	
P338470	CDLI Literary 000351, ex. 049	Anadolu Medeniyetleri M=C3=BCzesi, Ankara, Turkey	Neo-Assyrian (ca. 911-612 BC)	Huzirina (mod. Sultantepe)	tablet	history	2 (1983) 019 e	
P343177	CDLI Literary 000351, ex. 050	Arkeoloji M=C3=BCzeleri, Istanbul, Turkey	Old Babylonian (ca. 1900-1600 BC)	Nippur (mod. Nuffar)	tablet	history	2 (1983) 014 X	
P343185	CDLI Literary 000351, ex. 051	Arkeoloji M=C3=BCzeleri, Istanbul, Turkey	Old Babylonian (ca. 1900-1600 BC)	Nippur (mod. Nuffar)	tablet	history	2 (1983) 015 U1	
P343215	CDLI Literary 000351, ex. 052	Arkeoloji M=C3=BCzeleri, Istanbul, Turkey	Old Babylonian (ca. 1900-1600 BC)	Nippur (mod. Nuffar)	tablet	history	2 (1983) 015 R1	
P343227	CDLI Literary 000351, ex. 053	Arkeoloji M=C3=BCzeleri, Istanbul, Turkey	Old Babylonian (ca. 1900-1600 BC)	Nippur (mod. Nuffar)	tablet	history	2 (1983) 017 Q3	
P343355	CDLI Literary 000351, ex. 054	Arkeoloji M=C3=BCzeleri, Istanbul, Turkey	Old Babylonian (ca. 1900-1600 BC)	Nippur (mod. Nuffar)	tablet	history	2 (1983) 013 D	
P343359	CDLI Literary 000351, ex. 055	Arkeoloji M=C3=BCzeleri, Istanbul, Turkey	Old Babylonian (ca. 1900-1600 BC)	Nippur (mod. Nuffar)	tablet	history	2 (1983) 017 R3	
P343378	CDLI Literary 000351, ex. 056	Arkeoloji M=C3=BCzeleri, Istanbul, Turkey	Old Babylonian (ca. 1900-1600 BC)	Nippur (mod. Nuffar)	tablet	history	2 (1983) 018 S3	
P343418	CDLI Literary 000351, ex. 057	Arkeoloji M=C3=BCzeleri, Istanbul, Turkey	Old Babylonian (ca. 1900-1600 BC)	Nippur (mod. Nuffar)	tablet	history	2 (1983) 014 Q	
P343424	CDLI Literary 000351, ex. 058	Arkeoloji M=C3=BCzeleri, Istanbul, Turkey	Old Babylonian (ca. 1900-1600 BC)	Nippur (mod. Nuffar)	tablet	history	2 (1983) 014 B1	
P343431	CDLI Literary 000351, ex. 059	Arkeoloji M=C3=BCzeleri, Istanbul, Turkey	Old Babylonian (ca. 1900-1600 BC)	Nippur (mod. Nuffar)	tablet	history	2 (1983) 014 R	
P343536	CDLI Literary 000351, ex. 060	Arkeoloji M=C3=BCzeleri, Istanbul, Turkey	Old Babylonian (ca. 1900-1600 BC)	Nippur (mod. Nuffar)	tablet	history	2 (1983) 018 V3	
P343590	CDLI Literary 000351, ex. 061	Arkeoloji M=C3=BCzeleri, Istanbul, Turkey	Old Babylonian (ca. 1900-1600 BC)	Nippur (mod. Nuffar)	tablet	history	2 (1983) 019 U4	
P343621	CDLI Literary 000351, ex. 062	Arkeoloji M=C3=BCzeleri, Istanbul, Turkey	Old Babylonian (ca. 1900-1600 BC)	Nippur (mod. Nuffar)	tablet	history	2 (1983) 015 T1	
P343633	CDLI Literary 000351, ex. 063	Arkeoloji M=C3=BCzeleri, Istanbul, Turkey	Old Babylonian (ca. 1900-1600 BC)	Nippur (mod. Nuffar)	tablet	history	2 (1983) 014 P	
P343642	CDLI Literary 000351, ex. 064	Arkeoloji M=C3=BCzeleri, Istanbul, Turkey	Old Babylonian (ca. 1900-1600 BC)	Nippur (mod. Nuffar)	tablet	history	2 (1983) 013 H	
P343643	CDLI Literary 000351, ex. 065	Arkeoloji M=C3=BCzeleri, Istanbul, Turkey	Old Babylonian (ca. 1900-1600 BC)	Nippur (mod. Nuffar)	tablet	history	2 (1983) 015 V1	
P343644	CDLI Literary 000351, ex. 066	Arkeoloji M=C3=BCzeleri, Istanbul, Turkey	Old Babylonian (ca. 1900-1600 BC)	Nippur (mod. Nuffar)	tablet	history	2 (1983) 015 J1	
P459571	CDLI Literary 000351, ex. 067	Arkeoloji M=C3=BCzeleri, Istanbul, Turkey	Old Babylonian (ca. 1900-1600 BC)	Nippur (mod. Nuffar)	tablet	history	2 (1983) 016 I2	
P343645	CDLI Literary 000351, ex. 068	Arkeoloji M=C3=BCzeleri, Istanbul, Turkey	Old Babylonian (ca. 1900-1600 BC)	Nippur (mod. Nuffar)	tablet	history	2 (1983) 013 F	
P459575	CDLI Literary 000351, ex. 069	Arkeoloji M=C3=BCzeleri, Istanbul, Turkey	Old Babylonian (ca. 1900-1600 BC)	Nippur (mod. Nuffar)	tablet	history	2 (1983) 018 F4	
P343647	CDLI Literary 000351, ex. 070	Arkeoloji M=C3=BCzeleri, Istanbul, Turkey	Old Babylonian (ca. 1900-1600 BC)	Nippur (mod. Nuffar)	tablet	history	2 (1983) 015 P1+E2+G2	
P459573	CDLI Literary 000351, ex. 071	Arkeoloji M=C3=BCzeleri, Istanbul, Turkey	Old Babylonian (ca. 1900-1600 BC)	Nippur (mod. Nuffar)	tablet	history	2 (1983) 017 A3	
P343772	CDLI Literary 000351, ex. 072	Arkeoloji M=C3=BCzeleri, Istanbul, Turkey	Old Babylonian (ca. 1900-1600 BC)	Nippur (mod. Nuffar)	tablet	history	2 (1983) 014 S	
P345782	CDLI Literary 000351, ex. 073	Ashmolean Museum, Oxford, UK	Old Babylonian (ca. 1900-1600 BC)	Kish (mod. Tell Uhaimir)	tablet	history	2 (1983) 014 Z	
P461682	CDLI Literary 000351, ex. 074	Birmingham Museums and Art Gallery, Birmingham, UK	Old Babylonian (ca. 1900-1600 BC)	Nineveh (mod. Kuyunjik)	tablet	history	2 (1983) 019 C5	
P357319	CDLI Literary 000351, ex. 076	Yale Babylonian Collection, New Haven, Connecticut, USA	Old Babylonian (ca. 1900-1600 BC)	uncertain (mod. uncertain)	tablet	history	2 (1983) 013 A	
P263109	CDLI Literary 000351, ex. 077	Penn Museum, Philadelphia, Pennsylvania, USA	Old Babylonian (ca. 1900-1600 BC)	Nippur (mod. Nuffar)	tablet	history	2 (1983) 013 E	
P256809	CDLI Literary 000351, ex. 078	Penn Museum, Philadelphia, Pennsylvania, USA	Old Babylonian (ca. 1900-1600 BC)	Nippur (mod. Nuffar)	tablet	history	2 (1983) 013 G	
P356663	CDLI Literary 000351, ex. 079	National Museum of Iraq, Baghdad, Iraq	Old Babylonian (ca. 1900-1600 BC)	Nippur (mod. Nuffar)	tablet	history	2 (1983) 013 I	
P356987	CDLI Literary 000351, ex. 080	Arkeoloji M=C3=BCzeleri, Istanbul, Turkey	Old Babylonian (ca. 1900-1600 BC)	Nippur (mod. Nuffar)	tablet	history	2 (1983) 013 JISET 3, 082, Ni 09454	
P461683	CDLI Literary 000351, ex. 081	National Museum of Iraq, Baghdad, Iraq	Old Babylonian (ca. 1900-1600 BC)		tablet	history	2 (1983) 014 A1	
P356647	CDLI Literary 000351, ex. 082	National Museum of Iraq, Baghdad, Iraq	Old Babylonian (ca. 1900-1600 BC)	Nippur (mod. Nuffar)	tablet	history	2 (1983) 014 E1	
P256797	CDLI Literary 000351, ex. 083	Penn Museum, Philadelphia, Pennsylvania, USA	Old Babylonian (ca. 1900-1600 BC)	Nippur (mod. Nuffar)	tablet	history	2 (1983) 014 L	
P269650	CDLI Literary 000351, ex. 084	Penn Museum, Philadelphia, Pennsylvania, USA	Old Babylonian (ca. 1900-1600 BC)	Nippur (mod. Nuffar)	tablet	history	2 (1983) 014 M	
P279008	CDLI Literary 000351, ex. 085	Penn Museum, Philadelphia, Pennsylvania, USA	Old Babylonian (ca. 1900-1600 BC)	Nippur (mod. Nuffar)	tablet	history	2 (1983) 014 W+R4	
P278276	CDLI Literary 000351, ex. 086 &amp; 000397, ex. 016	Penn Museum, Philadelphia, Pennsylvania, USA	Old Babylonian (ca. 1900-1600 BC)	Nippur (mod. Nuffar)	tablet	history	2 (1983) 014 Y	
P279001	CDLI Literary 000351, ex. 087	Penn Museum, Philadelphia, Pennsylvania, USA	Old Babylonian (ca. 1900-1600 BC)	Nippur (mod. Nuffar)	tablet	history	2 (1983) 015 A2 + B2	
P356828	CDLI Literary 000351, ex. 088	National Museum of Iraq, Baghdad, Iraq	Old Babylonian (ca. 1900-1600 BC)	Nippur (mod. Nuffar)	tablet	history	2 (1983) 015 Q1	
P356718	CDLI Literary 000351, ex. 089	National Museum of Iraq, Baghdad, Iraq	Old Babylonian (ca. 1900-1600 BC)	Nippur (mod. Nuffar)	tablet	history	2 (1983) 015 Z1	
P230705	CDLI Literary 000351, ex. 090		Old Babylonian (ca. 1900-1600 BC)	Nippur (mod. Nuffar)	tablet	history	2 (1983) 016 J2	
P278689	CDLI Literary 000351, ex. 091	Penn Museum, Philadelphia, Pennsylvania, USA	Old Babylonian (ca. 1900-1600 BC)	Nippur (mod. Nuffar)	tablet	history	2 (1983) 016 M2 + Q2	
P255517	CDLI Literary 000351, ex. 092	Penn Museum, Philadelphia, Pennsylvania, USA	Old Babylonian (ca. 1900-1600 BC)	Nippur (mod. Nuffar)	tablet	history	2 (1983) 016 R2	
P255622	CDLI Literary 000351, ex. 093	Penn Museum, Philadelphia, Pennsylvania, USA	Old Babylonian (ca. 1900-1600 BC)	Nippur (mod. Nuffar)	tablet	history	2 (1983) 016 S2	
P269648	CDLI Literary 000351, ex. 094	Penn Museum, Philadelphia, Pennsylvania, USA	Old Babylonian (ca. 1900-1600 BC)	Nippur (mod. Nuffar)	tablet	history	2 (1983) 016 T2	
P263561	CDLI Literary 000351, ex. 095	Penn Museum, Philadelphia, Pennsylvania, USA	Old Babylonian (ca. 1900-1600 BC)	Nippur (mod. Nuffar)	tablet	history	2 (1983) 017 F3	
P356460	CDLI Literary 000351, ex. 096	Penn Museum, Philadelphia, Pennsylvania, USA	Old Babylonian (ca. 1900-1600 BC)	Nippur (mod. Nuffar)	tablet	history	2 (1983) 017 G3	
P429735	CDLI Literary 000351, ex. 097	Penn Museum, Philadelphia, Pennsylvania, USA	Old Babylonian (ca. 1900-1600 BC)	Nippur (mod. Nuffar)	tablet	history	2 (1983) 017 I3	
P356563	CDLI Literary 000351, ex. 098	Penn Museum, Philadelphia, Pennsylvania, USA	Old Babylonian (ca. 1900-1600 BC)	Nippur (mod. Nuffar)	tablet	history	2 (1983) 017 J3	
P356260	CDLI Literary 000351, ex. 099	Penn Museum, Philadelphia, Pennsylvania, USA	Old Babylonian (ca. 1900-1600 BC)	Nippur (mod. Nuffar)	tablet	history	2 (1983) 017 K3	
P356198	CDLI Literary 000351, ex. 100	Penn Museum, Philadelphia, Pennsylvania, USA	Old Babylonian (ca. 1900-1600 BC)	Nippur (mod. Nuffar)	tablet	history	2 (1983) 017 L3	
P356485	CDLI Literary 000351, ex. 101	Penn Museum, Philadelphia, Pennsylvania, USA	Old Babylonian (ca. 1900-1600 BC)	Nippur (mod. Nuffar)	tablet	history	2 (1983) 017 M3	
P429734	CDLI Literary 000351, ex. 102	Penn Museum, Philadelphia, Pennsylvania, USA	Old Babylonian (ca. 1900-1600 BC)	Nippur (mod. Nuffar)	tablet	history	2 (1983) 017 N3	
P356194	CDLI Literary 000351, ex. 103	Penn Museum, Philadelphia, Pennsylvania, USA	Old Babylonian (ca. 1900-1600 BC)	Nippur (mod. Nuffar)	tablet	history	2 (1983) 017 O3	
P356137	CDLI Literary 000351, ex. 104	Penn Museum, Philadelphia, Pennsylvania, USA	Old Babylonian (ca. 1900-1600 BC)	Nippur (mod. Nuffar)	tablet	history	2 (1983) 017 P3	
P256941	CDLI Literary 000351, ex. 105	Penn Museum, Philadelphia, Pennsylvania, USA	Old Babylonian (ca. 1900-1600 BC)	Nippur (mod. Nuffar)	tablet	history	2 (1983) 017 U2	
P459572	CDLI Literary 000351, ex. 106	National Museum of Iraq, Baghdad, Iraq	Old Babylonian (ca. 1900-1600 BC)	Nippur (mod. Nuffar)	tablet	history	2 (1983) 017 W2	
P278322	CDLI Literary 000351, ex. 107	Penn Museum, Philadelphia, Pennsylvania, USA	Old Babylonian (ca. 1900-1600 BC)	Nippur (mod. Nuffar)	tablet	history	2 (1983) 018 B4	
P265528	CDLI Literary 000351, ex. 108	Penn Museum, Philadelphia, Pennsylvania, USA	Middle Babylonian (ca. 1400-1100 BC)	Nippur (mod. Nuffar)	tablet	history	2 (1983) 018 C4	
P278416	CDLI Literary 000351, ex. 109	Penn Museum, Philadelphia, Pennsylvania, USA	Old Babylonian (ca. 1900-1600 BC)	Nippur (mod. Nuffar)	tablet	history	2 (1983) 018 D4	
P268200	CDLI Literary 000351, ex. 110	Penn Museum, Philadelphia, Pennsylvania, USA	Old Babylonian (ca. 1900-1600 BC)	Nippur (mod. Nuffar)	tablet	history	2 (1983) 018 I4	
P276672	CDLI Literary 000351, ex. 111	Penn Museum, Philadelphia, Pennsylvania, USA	Old Babylonian (ca. 1900-1600 BC)	Nippur (mod. Nuffar)	tablet	history	2 (1983) 018 K4	
P276913	CDLI Literary 000351, ex. 112	Penn Museum, Philadelphia, Pennsylvania, USA	Old Babylonian (ca. 1900-1600 BC)	Nippur (mod. Nuffar)	tablet	history	2 (1983) 018 L4	
P356497	CDLI Literary 000351, ex. 113	Penn Museum, Philadelphia, Pennsylvania, USA	Old Babylonian (ca. 1900-1600 BC)	Nippur (mod. Nuffar)	tablet	history	2 (1983) 018 M4	
P356407	CDLI Literary 000351, ex. 114	Penn Museum, Philadelphia, Pennsylvania, USA	Old Babylonian (ca. 1900-1600 BC)	Nippur (mod. Nuffar)	tablet	history	2 (1983) 018 N4	
P356155	CDLI Literary 000351, ex. 115	Penn Museum, Philadelphia, Pennsylvania, USA	Old Babylonian (ca. 1900-1600 BC)	Nippur (mod. Nuffar)	tablet	history	2 (1983) 018 O4	
P356489	CDLI Literary 000351, ex. 116	Penn Museum, Philadelphia, Pennsylvania, USA	Old Babylonian (ca. 1900-1600 BC)	Nippur (mod. Nuffar)	tablet	history	2 (1983) 018 P4	
P256927	CDLI Literary 000351, ex. 117	Penn Museum, Philadelphia, Pennsylvania, USA	Old Babylonian (ca. 1900-1600 BC)	Nippur (mod. Nuffar)	tablet	history	2 (1983) 018 Q4	
P278179	CDLI Literary 000351, ex. 118	Penn Museum, Philadelphia, Pennsylvania, USA	Old Babylonian (ca. 1900-1600 BC)	Nippur (mod. Nuffar)	tablet	history	2 (1983) 018 T4	
P357188	CDLI Literary 000351, ex. 119	British Museum, London, UK	Old Babylonian (ca. 1900-1600 BC)	Sippar-Yahrurum (mod. Tell Abu Habbah)	tablet	history	2 (1983) 018 Y3 + E5	
P370905	CDLI Literary 000351, ex. 120	British Museum, London, UK	Neo-Assyrian (ca. 911-612 BC)	Nineveh (mod. Kuyunjik)	tablet	history	2 (1983) 019 d	
P276569	CDLI Literary 000351, ex. 121	Penn Museum, Philadelphia, Pennsylvania, USA	Neo-Babylonian (ca. 626-539 BC)	Nippur (mod. Nuffar)	tablet	history	2 (1983) 019 D5	
P459576	CDLI Literary 000351, ex. 122	Arkeoloji M=C3=BCzeleri, Istanbul, Turkey	Old Babylonian (ca. 1900-1600 BC)	Nippur (mod. Nuffar)	tablet	history	2 (1983) 019 X4	
P356985	CDLI Literary 000351, ex. 123	Arkeoloji M=C3=BCzeleri, Istanbul, Turkey	Old Babylonian (ca. 1900-1600 BC)	Nippur (mod. Nuffar)	tablet	history	2 (1983) 019 Y4ISET 3, 081, Ni 09963	
P356983	CDLI Literary 000351, ex. 124	Arkeoloji M=C3=BCzeleri, Istanbul, Turkey	Old Babylonian (ca. 1900-1600 BC)	Nippur (mod. Nuffar)	tablet	history	2 (1983) 019 Z4ISET 3, 080, Ni 09840	
P357132	CDLI Literary 000351, ex. 125	British Museum, London, UK	Neo-Assyrian (ca. 911-612 BC)	Nineveh (mod. Kuyunjik)	tablet	history	2 (1983) 020 i	
P357174	CDLI Literary 000351, ex. 126	British Museum, London, UK	Neo-Babylonian (ca. 626-539 BC)	uncertain (mod. uncertain)	tablet	history	2 (1983) 020 j	
P452719	CDLI Literary 000351, ex. 127	British Museum, London, UK	Neo-Assyrian (ca. 911-612 BC)	Nineveh (mod. Kuyunjik)	tablet	history	2 (1983) 020 m	
P357208	CDLI Literary 000351, ex. 128	British Museum, London, UK	Old Babylonian (ca. 1900-1600 BC)	uncertain (mod. uncertain)	tablet	history	2 (1983) 020 v	
P357176	CDLI Literary 000351, ex. 129	British Museum, London, UK	Old Babylonian (ca. 1900-1600 BC)	uncertain (mod. uncertain)	tablet	history	2 (1983) 020 x	
P357179	CDLI Literary 000351, ex. 130	British Museum, London, UK	Neo-Babylonian (ca. 626-539 BC)	uncertain (mod. uncertain)	tablet	history	2 (1983) 020 z	
P357126	CDLI Literary 000351, ex. 131	British Museum, London, UK	Neo-Assyrian (ca. 911-612 BC)	Nineveh (mod. Kuyunjik)	tablet	history	2 (1983) 021 g1	
P424848	CDLI Literary 000351, ex. 132	British Museum, London, UK	Neo-Assyrian (ca. 911-612 BC)	Nineveh (mod. Kuyunjik)	tablet	history	2 (1983) 021 h1	
P357207	CDLI Literary 000351, ex. 133	British Museum, London, UK	Old Babylonian (ca. 1900-1600 BC)	uncertain (mod. uncertain)	tablet	history	2 (1983) 021 i1	
P357086	CDLI Literary 000351, ex. 134	British Museum, London, UK	Neo-Assyrian (ca. 911-612 BC)	Nineveh (mod. Kuyunjik)	tablet	history	2 (1983) 021 j1	
P357206	CDLI Literary 000351, ex. 135	British Museum, London, UK	Middle Assyrian (ca. 1400-1000 BC)	Nineveh (mod. Kuyunjik)	tablet	history	2 (1983) 021 n1 (BM 122625)	
P403233	CDLI Literary 000351, ex. 136	British Museum, London, UK	Neo-Assyrian (ca. 911-612 BC)	Nineveh (mod. Kuyunjik)	tablet	history	2 (1983) 022 a2	
P357106	CDLI Literary 000351, ex. 137	British Museum, London, UK	Neo-Assyrian (ca. 911-612 BC)	Nineveh (mod. Kuyunjik)	tablet	history	2 (1983) 022 q1	
P357133	CDLI Literary 000351, ex. 138	British Museum, London, UK	Neo-Assyrian (ca. 911-612 BC)	Nineveh (mod. Kuyunjik)	tablet	history	2 (1983) 022 v1	
P357079	CDLI Literary 000351, ex. 139	British Museum, London, UK	Neo-Assyrian (ca. 911-612 BC)	Nineveh (mod. Kuyunjik)	tablet	history	2 (1983) 022, p1	
P452395	CDLI Literary 000351, ex. 140	British Museum, London, UK	Neo-Assyrian (ca. 911-612 BC)	Nineveh (mod. Kuyunjik)	tablet	history	2 (1983) 022, w1	
P461208	CDLI Literary 000351, ex. 141	British Museum, London, UK	Old Babylonian (ca. 1900-1600 BC)		tablet	history	2 (1983) 023 (o2)	
P357181	CDLI Literary 000351, ex. 142	British Museum, London, UK	Neo-Babylonian (ca. 626-539 BC)	Sippar-Yahrurum (mod. Tell Abu Habbah)	tablet	history	2 (1983) 023 c2	
P404409	CDLI Literary 000351, ex. 143	British Museum, London, UK	Neo-Assyrian (ca. 911-612 BC)	Nineveh (mod. Kuyunjik)	tablet	history	2 (1983) 023 d2	
P404559	CDLI Literary 000351, ex. 144	British Museum, London, UK	Neo-Assyrian (ca. 911-612 BC)	Nineveh (mod. Kuyunjik)	tablet	history	2 (1983) 023 e2	
P461893	CDLI Literary 000351, ex. 145	Institute for the Study of Ancient Cultures West Asia &amp; North Africa Museum, Chicago, Illinois, USA	Neo-Babylonian (ca. 626-539 BC)	Nippur (mod. Nuffar)	tablet	history	2 (1983) 023 g2	
P357205	CDLI Literary 000351, ex. 146	British Museum, London, UK	Old Babylonian (ca. 1900-1600 BC)	uncertain (mod. uncertain)	tablet	history	2 (1983) 023 h2	
P461247	CDLI Literary 000351, ex. 147	British Museum, London, UK	Old Babylonian (ca. 1900-1600 BC)		tablet	history	pl. 75-76, BM 051213 +	
P401981	CDLI Literary 000351, ex. 148	British Museum, London, UK	Neo-Assyrian (ca. 911-612 BC)	Nineveh (mod. Kuyunjik)	tablet	history	2 (1983) 023 q2	
P349103	CDLI Literary 000351, ex. 151		Old Babylonian (ca. 1900-1600 BC)	Uruk (mod. Warka)	tablet	history	2 (1983) 019 B5	
P346514	CDLI Literary 000351, ex. 152	British Museum, London, UK	Old Babylonian (ca. 1900-1600 BC)	Ur (mod. Tell Muqayyar)	tablet	history	2 (1983) 017 B3 (cited as 260)	
P346515	CDLI Literary 000351, ex. 153	British Museum, London, UK	Old Babylonian (ca. 1900-1600 BC)	Ur (mod. Tell Muqayyar)	tablet	history	2 (1983) 017 C3 (cited as 94)	
P346517	CDLI Literary 000351, ex. 154	British Museum, London, UK	Old Babylonian (ca. 1900-1600 BC)	Ur (mod. Tell Muqayyar)	tablet	history	2 (1983) 017 E3 (cited as 237)	
P453277	CDLI Literary 000351, ex. 156	Vorderasiatisches Museum, Berlin, Germany	Neo-Assyrian (ca. 911-612 BC)	Assur (mod. Qalat Sherqat)	tablet	history	2 (1983) 022 (o1)	
P453278	CDLI Literary 000351, ex. 157	Vorderasiatisches Museum, Berlin, Germany	Middle Assyrian (ca. 1400-1000 BC)		tablet	history	2 (1983) 021 m1	
P357180	CDLI Literary 000351, ex. 158	British Museum, London, UK	Old Babylonian (ca. 1900-1600 BC)	uncertain (mod. uncertain)	tablet	history	2 (1983) 020, u	
