designation	id_text	museum_no	Delnero_no	Delnero_subgenre_no	type	deity	Delnero_remarks
A 02788	X513802	NMSDeZ — ?					
A 02789	P513802	NMSDeZ — ?					
AfO 24, 015-017 & pl. III no. 6	P405569	WML 56.05.01	4860	Ershemma Enlil (412)	Ershemma	Enlil	
AO 6967	P345414	AO 6967				Inana-Dumuzi	
AOAT 203, 01-02, 14	P289914	NBC 11433	30	Balag Enlil (217)	Balag	Enlil	
AoF 47, 85-86	X907116						
AoF 48, 080	P527055			Ershemma Dumuzi	Ershemma	Dumuzi	
ASJ 03, 010-011	P355695	BM 029616	290	Balag ID (7)	Balag	Inana-Dumuzi	
ASJ 15, 010	P430946	YBC 06822	50	Balag ID (54)	Balag	Inana-Dumuzi	
ASJ 18, 031-032	P278426	N 3390	3210	Balag ID (48)	Balag	Inana-Dumuzi	
AuOr 01, 053	P355690	OIM A29965	3640	Balag ID (15)	Balag	Inana-Dumuzi	
AUWE 23, 103	P349106						
AUWE 23, 125	P349128		2220	Balag NG (179)	Balag	Ninisina-Gula	
AUWE 23, 126	P349129	IM —				Enlil, Inana	
AUWE 23, 127	P349130	VAT 21585	2230	Uncertain TT Enlil (486)	Uncertain	Enlil	
AUWE 23, 128	P349131	IM —					
AUWE 23, 129	P349132	VAT 21588					
AUWE 23, 130	P349133	VAT 21589					
AUWE 23, 131	P349134	IM —					
AUWE 23, 132	P349135	IM —					
AUWE 23, 133	P349136	IM —					
AUWE 23, 134	P349137	VAT 21647					
AUWE 23, 135	P349138		2210	Balag AD (192)	Balag	Aruru-Dingirmah	
AUWE 23, 136	P349139	VAT 21573					
AUWE 23, 137	P349140	VAT 21572					
AUWE 23, 138	P349141	VAT 21591					
BBVOT 3, 73	P345932	IM 073372					
BBVOT 3, 74	P345933	IM 073373					
BE 30/1, 006	P266487	CBS 11330	2830	Balag ID (93)	Balag	Inana-Dumuzi	
BE 30/1, 007	P265348	CBS 10084 + UM 29-13-690	2730	Balag ID (120)	Balag	Inana-Dumuzi	
BE 30/1, 008	P266485	CBS 11328	2820	Balag ID (42)	Balag	Inana-Dumuzi	
BE 30/1, 009	P266312	CBS 11151	2780	Balag ID (14)	Balag	Inana-Dumuzi	
BE 30/1, 011	P265349	CBS 10085	2740	Balag ID (121)	Balag	Inana-Dumuzi	
BE 30/1, 012	P257924	CBS 00475	2590	Ershemma ID (338)	Ershemma	Inana-Dumuzi	
BE 30/1, 013	P259101	CBS 00901 + CBS 01781	2600	Balag ID (118)	Balag	Inana-Dumuzi	
BE 31, 016	P345092	Ist Ni 02327	3510	Balag ID (144)	Balag	Inana-Dumuzi	
BE 31, 017	P345093	Ist Ni 02273	3490	Ershemma ID (339)	Ershemma	Inana-Dumuzi	
BiMes 29 = TFR 2, Terqa 8-24	P532390	NMSDeZ 03980				Inana	
BIN 02, 026	P297213	NBC 1313	10	Balag ID (25)	Balag	Inana-Dumuzi	
BL 195a	P333842	Ashm 1911-0236				Nin-šubur, Nergal	
BM 023104	P345736	BM 023104	200	Balag Nergal (282)	Balag	Nergal	Unpublished, see Kramer 1980b, 296
BM 023249	P355676	BM 023249			Catalog		
BM 023612	P355675	BM 023612			Catalog		
BM 023696	X130500	BM 023696	260	Ershemma ID (323)	Ershemma	Inana-Dumuzi	Unpublished, see Kramer 1980b, 297
BM 023701	P355679	BM 023701			Catalog		
BM 023771	P355678	BM 023771			Catalog		
BM 054315 + BM 054698 + BM 072969	P345741	BM 054315 + BM 054698 + BM 072969	360	Balag ID (26)	Balag	Inana-Dumuzi	
BM 054727	P345744	BM  054727				Utu	
BM 054823	P345748	BM 054823	390	Balag ID (8)	Balag	Inana-Dumuzi	
BM 056749	X907118	BM 056749					
BM 057654	P345752	BM 057654	430	Ershemma ID (354)	Ershemma	Inana-Dumuzi	
BM 078983	P345767	BM 078983	560	Balag ID (28)	Balag	Inana-Dumuzi	Unpublished, see Michalowski 1980, 267
BM 083719	X130507	BM 083719	620	Ershemma Enlil (415)	Ershemma	Enlil	
BM 085564	P355677	BM 085564			Catalog		
BM 096679	P355680	BM 096679					
BM 096680	P345778	BM 096680	790	Balag ID (3)	Balag	Inana-Dumuzi	
BM 100059	P345779	BM 100059	890	Balag ID (71)	Balag	Inana-Dumuzi	Unpublished, see Kramer 1980b, 299
BM 103163	P413235	BM 103163				Inana	
BM 120011	P355681	BM 120011	930	Balag ID (72)	Balag	Inana-Dumuzi	
BM 120015	X907117	BM 120015					
BM 120100	P345781	BM 120100				Inana-Dumuzi, Ninisina-Gula	
BM 132291	X907111	BM 132291					
BM 15280	P283738	BM 15280				Inana-Dumuzi	
CBS 00106	P257671	CBS 00106	2550	Balag ID (39)	Balag	Inana-Dumuzi	
CBS 00145 + CBS 00170	P257710	CBS 00145 + CBS 00170	2580	Ershemma ID (337)	Ershemma	Inana-Dumuzi	Unpublished, see Cohen 1981, 16 n. 114
CBS 01689 +	P259021	CBS 01689 + CBS 04337 + CBS 04358 (+) CBS 04359	2620	Balag Nergal (283)	Balag	Nergal	Unpublished, see Black 1987, 39
CBS 02337	P259344	CBS 02337	2660	Balag Enlil (254)	Balag	Enlil	
CBS 04828	P229109	CBS 04828					
CBS 06891+	P264320	CBS 06891 + CBS 06897 + N 3671 + N 3682 + unnumbered	2690	Balag ID (40)	Balag	Inana-Dumuzi	
CBS 08546	P263345	CBS 08546				Nanna	
CBS 08547 +	P263346	CBS 08547 + N 3465 + N 6898	2720	Balag ID (41)	Balag	Inana-Dumuzi	
CBS 08772	P263593	CBS 08772					
CBS 10333	P265559	CBS 10333	2750	Balag Uncertain Deity (305)	Balag	Uncertain	
CBS 10465	P265677	CBS 10465				Inana-Dumuzi	
CBS 11321 + CBS 11329 + N 3325 + N 3328	P266481	CBS 11321 + CBS 11329 + N 3325 + N 3328	2800	Balag ID (122)	Balag	Inana-Dumuzi	
CBS 11371 +	P266518	CBS 11371 + CBS 11419 + N 3361 + N 3392 + N 6471a + N 7668 + N 7716	2870	Balag ID (95)	Balag	Inana-Dumuzi	
CBS 11389 +	P266534	CBS 11389 + CBS 11393	2880	Balag ID (15)	Balag	Inana-Dumuzi	
CBS 11396	P227675	CBS 11396	2890	Balag ID (43)	Balag	Inana-Dumuzi	Unpublished, see Peterson 2011, 280
CBS 11419a	P266561	CBS 11419a					
CBS 12613	P267251	CBS 12613				Ninisina-Gula	
CBS 12674	P267302	CBS 12674	2910	Balag Enlil (257)	Balag	Enlil	
CBS 12675	P267303	CBS 12675	2920	Uncertain TT Enlil (487)	Uncertain	Enlil	
CBS 12703	P267327	CBS 12703	2930	Balag ID (124)	Balag	Inana-Dumuzi	
CBS 13393	P268473	CBS 13393	2940	Balag ID (173)	Balag	Inana-Dumuzi	
CBS 13397	P268477	CBS 13397				Inana-Dumuzi	
CBS 13978 (+) UM 29-13-468 +	P255417	CBS 13978 (+) UM 29-13-468 + N 1353 +  N 1760 + N 2596 + N 2642 + N 2654 + N 3074 + N 3167 + N 7293 + Ist. Ni 2310 + Ist Ni 2350 (+) N 1400 + N 1405 + N 6063	3420	Balag Utu (268)	Balag	Utu	
CBS 14002 +	P269032	CBS 14002 + CBS 14002A				Inana-Dumuzi	
CBS 15089	P269651	CBS 15089	2950	Collective Tablet (450, 465 and 488)	Collective	Ninurta	
CBS 15126	P269682	CBS 15126				Inana-Dumuzi	
CBS 15163	P269718	CBS 15163				Inana-Dumuzi	
CBS 2218 +	P259270	CBS 02218 + CBS 02334 + N 3335 + N 4226 + N 3369	2630	Balag Enlil (222)	Balag	Enlil	
CBS 4589	P260899	CBS 04589				Inana-Dumuzi	
CBS 6657b +	P229000	CBS 6657b + N 1839 + N 2565 + N 5300 + Fragm.				Inana-Dumuzi	
CBS 6898	P264326	CBS 6898				Inana-Dumuzi	
CBS 8037 +	P262964	CBS 8037 +  N 1703 + N 1832 + N 7508				Inana-Dumuzi	
CBS 8085	P263001	CBS 8085				Inana-Dumuzi	
CBS 8313	P263155	CBS 8313				Inana-Dumuzi	
CBS 8320	P263161	CBS 8320				Inana-Dumuzi	
CBS 8534 + N 1015	P263336	CBS 8534 + N 1015				Inana-Dumuzi	
CDLI P431311	P431311						
CLAM 804	P355665	BM 096927	830	Collective Tablet (409, 441–443)	Collective	Collective	
CLAM 822-4	P355671	YBC 16392	90	Balag Enlil (208)	Balag	Enlil	
CLAM YBC 07096	P308085	YBC 07096	60	Balag Šulpae (281)	Balag	Šulpae	
Clark Cylinder	P355701	MH 143860			Catalog		
CM 46, 37-49	P550399	CUNES 53-08-060		Uncertain TT ID	Uncertain	Inana-Dumuzi	
CST 503	P462708	CST 503				Inana-Dumuzi	
CT 15, pl. 07-09, BM 029615	P345446	BM 029615	280	Ershemma Enlil (406)	Ershemma	Enlil	
CT 15, pl. 10, BM 013963	P345447	BM 013963	120	Ershemma Enlil (405)	Ershemma	Enlil	
CT 15, pl. 11-12, BM 029644	P345448	BM 029644	350	Ershemma Enlil (408)	Ershemma	Enlil	
CT 15, pl. 12-13	P345449	BM 029623	310	Ershemma Enlil (407)	Ershemma	Enlil	
CT 15, pl. 14, BM 022741	P345450	BM 022741	190	Ershemma Nergal (454)	Ershemma	Nergal	
CT 15, pl. 15-16, BM 029631	P345451	BM 029631	330	Ershemma Iškur (439)	Ershemma	Iškur	
CT 15, pl. 16-17, BM 13930	P345452	BM 013930	110	Ershemma Nanna-Suen (455)	Ershemma	Nanna-Suen	
CT 15, pl. 18, BM 015821	P345453	BM 015821	150	Ershemma ID (321)	Ershemma	Inana-Dumuzi	
CT 15, Pl. 19	P345454	BM 029628	320	Ershemma ID (324)	Ershemma	Inana-Dumuzi	
CT 15, pl. 20-21, BM 015795	P345455	BM 015795	140	Ershemma ID (320)	Ershemma	Inana-Dumuzi	
CT 15, pl. 22, BM 085005	P345456	BM 085005	630	Ershemma Bau (401)	Ershemma	Bau	
CT 15, pl. 23, BM 023584	P345457	BM 023584	230	Ershemma ID (322)	Ershemma	Inana-Dumuzi	
CT 15, pl. 24-25, BM 023117	P345458	BM 023117	220	Balag ID (56)	Balag	Inana-Dumuzi	
CT 15, pl. 26-27, BM 023658	P345459	BM 023658	240	Balag ID (57)	Balag	Inana-Dumuzi	
CT 15, Pl. 28-29	P345460	BM 023702				Inana-Dumuzi	
CT 15, pl. 30, BM 088384	P345461	BM 088384	730	Balag ID (67)	Balag	Inana-Dumuzi	
CT 36, pl. 35-38, BM 096933	P345504	BM 096933	840	Balag ID (4)	Balag	Inana-Dumuzi	
CT 36, pl. 41-42, BM 096940	P345506	BM 096940	860	Ershemma NG (386)	Ershemma	Ninisina-Gula	
CT 36, pl. 45-46, BM 096691	P345508	BM 096691	810	Balag Enlil (229)	Balag	Enlil	
CT 36, pl. 47-50, BM 096681	P345509	BM 096681	800	Balag AD (191)	Balag	Aruru-Dingirmah	
CT 36, Pl.43-44 (BM 96684)	P345507	BM 096684				Ninisina-Gula	
CT 42, 03 BM 086536	P283774	BM 086536	680	Balag Enlil (219)	Balag	Enlil	
CT 42, 07 BM 015793	P283739	BM 015793	130	Collective Tablet (384 and 446)	Ershemma	Ninisina-Gula and Martu	
CT 42, 08 BM 088288	P283778	BM 088288	720	Balag Enki (275)	Balag	Enki	
CT 42, 09 BM 085197	P283770	BM 085197	640	Ershemma Nanna-Suen (284)	Ershemma	Nanna-Suen	
CT 42, 10 BM 065145	P283764	BM 065145	470	Ershemma Iškur (440)	Ershemma	Iškur	
CT 42, 13	P283740	BM 015794			Shirnamshub	Inana	
CT 42, 14 BM 016385	P283743	BM 016385	170	Balag ID (55)	Balag	Inana-Dumuzi	
CT 42, 15 BM 087518	P283775	BM 087518	690	Balag ID (2)	Balag	Inana-Dumuzi	
CT 42, 16 BM 085198	P283771	BM 085198	650	Ershemma ID (325)	Ershemma	Inana-Dumuzi	
CT 42, 19 BM 029617	P283757	BM 029617	300	Ershemma NG (385)	Ershemma	Ninisina-Gula	
CT 42, 26 BM 085204	P283773	BM 085204	660	Balag ID (209)	Balag	Inana-Dumuzi	
CT 42, 33 BM 015822	P283742	BM 015822	160	Balag ID (107)	Balag	Inana-Dumuzi	
CT 42, 37 BM 077952	P283769	BM 077952					
CT 42, 38 BM 016901	P283745	BM 016901	180	Balag NG (170)	Balag	Ninisina-Gula	
CT 42, 43 BM 087594	P283776	BM 087594				Šulpae	
CT 42, 48 BM 054707	P283761	BM 054707	380	Balag ID (8)	Balag	Inana-Dumuzi	
CT 44, 12	P345521	BM 078175	530	Balag Enki (274)	Balag	Enki	
CT 44, 13	P345522	BM 078193	540	Balag ID (62)	Balag	Inana-Dumuzi	
CT 44, 14	P345523	BM 078198	550	Balag Uncertain Deity (287)	Ershahunga	Uncertain	
CT 44, 15	P345524	BM 078173	520	Ershemma ID (346)	Ershemma	Inana-Dumuzi	
CT 44, 16	P345525	BM 078183			Shirnamshub	Nanna	
CT 44, 24	P345533	BM 078250					
CT 58, 01	P274196	BM 073137	500	Balag ID (60)	Balag	Inana-Dumuzi	
CT 58, 02	P274197	BM 061892	460	Ershemma ID (345)	Ershemma	Inana-Dumuzi	
CT 58, 03	P274198	BM 079510	570	Balag ID (63)	Balag	Inana-Dumuzi	
CT 58, 04	P274199	BM 082972	610	Balag ID (66)	Balag	Inana-Dumuzi	
CT 58, 05	P274200	BM 098396	870	Ershemma Ninhursag (398)	Ershemma	Ninhursag	
CT 58, 06	P274201	BM 054970	400	Ershemma ID (344)	Ershemma	Inana-Dumuzi	
CT 58, 07	P274202	BM 096692	820	Ershemma ID (356)	Ershemma	Inana-Dumuzi	
CT 58, 08 +	P274203	BM 080758 + VAT 01351 (+) VAT 01387 + BCM A.1849-1982	590	Balag ID (65)	Balag	Inana-Dumuzi	
CT 58, 09	P274204	BM 088319				Damu	
CT 58, 11	P274206	BM 109167	910	Ershemma ID (333)	Ershemma	Inana-Dumuzi	
CT 58, 12	P274207	BM 085206					
CT 58, 13	P274208	BM 088318					
CT 58, 14	P274209	BM 061547 + BM 067958 + BM 071421	450	Balag ID (109)	Balag	Inana-Dumuzi	
CT 58, 15	P274210	BM 088406	740	Balag ID (68)	Balag	Inana-Dumuzi	
CT 58, 16	P274211	BM 023666	250	Balag ID (58)	Balag	Inana-Dumuzi	
CT 58, 17	P274212	BM 087575	710	Ershemma ID (355)	Ershemma	Inana-Dumuzi	
CT 58, 18	P274213	BM 088858	750	Balag ID (69)	Balag	Inana-Dumuzi	
CT 58, 19	P274214	BM 055290	410	Balag ID (27)	Balag	Inana-Dumuzi	
CT 58, 20	P274215	BM 096936	850	Balag Nin-nigingara (199)	Balag	Nin-nigingara	
CT 58, 21	P274216	BM 023111	210	Balag ID (108)	Balag	Inana-Dumuzi	
CT 58, 31	P274226	BM 061445	440	Uncertain TT and D (492)	Balag	Inana-Dumuzi	
CT 58, 32	P274227	BM 066276	480	Balag ID (59)	Balag	Inana-Dumuzi	
CT 58, 33	P274228	BM 100111	900	Ershemma ID (328)	Ershemma	Inana-Dumuzi	
CT 58, 34	P274229	BM 096639	780	Ershemma ID (326)	Ershemma	Inana-Dumuzi	
CT 58, 35	P274230	BM 057502	420	Balag Enlil (228)	Balag	Enlil	
CT 58, 36	P274231	BM 054323 + BM 059692	370	Ershemma ID (343)	Ershemma	Inana-Dumuzi	
CT 58, 37	P274232	BM 087520	700	Ershemma NG (388)	Ershemma	Ninisina-Gula	
CT 58, 38	P274233	BM 109168	920	Balag Ninurta (279)	Balag	Ninurta	
CT 58, 39 +	P274234	BM 081014 + BM 132268 + BM 132267 + VAT 01334 + CBS 00497 + VAT 01357  + BCM A.1851-1982	600	Balag Enlil (218)	Balag	Enlil	
CT 58, 40	P274235	BM 096574			Ershahunga		
CT 58, 41	P274236	BM 096112	760	Balag ID (70)	Balag	Inana-Dumuzi	
CT 58, 42	P274237	BM 100046	880	Ershemma ID (327)	Ershemma	Inana-Dumuzi	
CT 58, 44	P274239	BM 113236				Nanna	
CT 58, 61	P274257	BM 081700					
CT 58, 70	P274267	BM 078164				Enki	
CT 58, 71	P274268	BM 075991	510	Balag ID (61)	Balag	Inana-Dumuzi	
CT 58, 73	P274270	BM 072884	490	Ershemma Enlil (418)	Ershemma	Enlil	
CT 58, 74	P274271	BM  016705				Iškur	
CT 58, 78	P274275	BM 096568	770	Ershemma Šulpae (451)	Ershemma	Šulpae	
CTMMA 2, 001	P412174	MMA 86.11.062	4920	Balag AD (197)	Balag	Aruru-Dingirmah	
Dumuzi-Inana Y source A	P260882	CBS 04569				Inana-Dumuzi	
Dumuzi-Inana Y source B	P256805	UM 29-16-237				Inana-Dumuzi	
FLP 2627	P345955	FLP 2627				Inana	
Fs Birot 128-129	P355674	BM 086535	670	Balag Multiple Deities (286)	Balag	Ninisina-Gula	
Fs Civil90, 091-102	P265634	CBS 10417	2760	Balag Enlil (223)	Balag	Enlil	
Fs Kraus 134-135	P355696	BM 029633	340	Ershemma Lisin (404)	Ershemma	Lisin	
FT 2, AO 12999	P315421	AO 12999	2500	Balag Nanna-Suen (285)	Balag	Nanna-Suen	
FT 2, AO 13013	P315432	AO 13013	2510	Balag ID (117)	Balag	Inana-Dumuzi	
H 0002	P355702	IM —	4760	Balag ID (22)	Balag	Inana-Dumuzi	Unpublished, see Volk 1989, 1 n. 11 and Volk 2006, 92 n. 6
Haddad 0152 + 175	P355727	IM —		Ershahunga?	Ershahunga	Personal Deity	
HAV 447, 03	P266078	CBS 10885	2770	Balag ID (91)	Balag	Inana-Dumuzi	
HAV 449, 13	P259294	CBS 02249	2640	Balag NG (172)	Balag	Ninisina-Gula	
HAV 450, 14	P259314	CBS 02281	2650	Balag NG (180)	Balag	Ninisina-Gula	
HAV 450, 15	P266495	CBS 11344	2840	Balag ID (123)	Balag	Nergal	
HS 1429 +	P345619	HS 1429 + N 2854 + N 2861				Inana-Dumuzi	
HS 1457 +	P345726	HS 1457 + HS 2531 + HS 2494c + HS 2553				Inana-Dumuzi	
HS 1486	P345620	HS 1486				Inana-Dumuzi	
HS 2509	X130504	HS 2509	3600	Balag Uncertain Deity (308)	Balag	Uncertain	
HS 2660	X130505	HS 2660	3610	Balag Uncertain Deity (309)	Balag	Uncertain	
HS 2729	X130502	HS 2729	3630	Balag Uncertain Deity (310)	Balag	Uncertain	
HS.2686	X130503	HS 2686	3620	Balag ID (142)	Balag	Inana-Dumuzi	
IB 1684	X907123	IM 121955					
IM 044737	P355666	IM 044737	4740	Balag ID (105)	Balag	Inana-Dumuzi	
Inana I	P283772	BM 085201			Shirnamshub	Inana	
ISET 1 144 (Ni 9976)	P343524	Ni 09976				Dumuzi	
ISET 1 146 (pl.88) 146, Ni 4357	P355667	Ist Ni 04357	3540	Balag Enlil (234)	Balag	Enlil	
ISET 1, 061 (pl. 003), Ni 04121	P343079	Ni 04121					
ISET 1, 127 (pl. 069), Ni 04067	P343164	Ni 04067					
ISET 1, 133 (pl. 075), Ni 04189	P343190	Ist Ni 04189					
ISET 1, 138 (pl. 080), Ni 04214	P343212	Ni 04214					
ISET 1, 140 (pl. 082), Ni 04227	P343230	Ni 04227					
ISET 1, 172 (pl. 114)	X907003	Ni 09553					
ISET 1, 176 (pl. 118)	X907005	Ni 09642					
ISET 1, 179 (pl. 121)	X907006	Ni 09726					
ISET 1, 209 (Pl. 151) Ni 13236	X907114	Ist Ni 13236					
ISET 1, 219 (pl. 161), Ist L 01486	P343579	Ist L 01486	4810	Ershemma Utu (433)	Ershemma	Utu	
ISET 1, 221-222 (pl. 163-164), Ist L 01492	P343583	Ist L 01492	4820	Ershemma ID (331)	Ershemma	Inana-Dumuzi	
ISET 1, 227 (pl. 169), Ist L 01501	P343588	Ist L 01501	4830	Ershemma AD (394)	Ershemma	Aruru-Dingirmah	
Ist L 01494	P343580	Ist L 01494					
Ist L 01495	P343581	Ist L 01495					
Ist L 01497	P343586	Ist L 01497					
Ist L 01500	P343587	Ist L 01500				Ninurta	
Ist Ni 02461	P343111	Ist Ni 02461				Inana	
Ist Ni 02889	P356988	Ist Ni 02889				Ninisina	
Ist Ni 09798	X000108	Ist Ni 09798	3550	Ershemma Enlil (490)	Ershemma	Enlil	
Ist Ni 09992	P356968	Ist Ni 09992					
JCS 08, 082-3	P355642	NMC 10051	4800	Balag Enlil (211)	Balag	Enlil	
JCS 08, 084, CNMA 10050	P355644	NMC 10050	4790	Ershemma ID (383)	Ershemma	Inana-Dumuzi	
JCS 08, 086, CNMA 10099	P355648	NMC 10099			Ershahunga		
JCS 16, 079	P405598	SM 1904.04.021			Shirnamshub	Ninisina	
JCS 34, 69-70	P269087	CBS 14073			Hymn	Ninšubur	
JCS 39, 046	P357172	BM 029632			Ershahunga		
Lipit-Eštar H	P269882	CBS 15358				Inana	
MAH 15995	P423962	MAH 15995	4870	Ershemma ID (358)	Ershemma	Inana-Dumuzi	
MAH 16066	P424008	MAH 16066	4900	Balag Utu (267)	Balag	Utu	
Manchester Memoirs 48 pl.1-7	P355698	MMUM 35516 +	4910	Balag ID (24)	Love song	Inana-Dumuzi	
MBI 05, pl. 12	P267066	CBS 11932	2900	Balag Enlil (256)	Balag	Enlil	
MC 24, 35	X907112	BCM 206'78				Ninisina-Gula	
MC 24, 37	X907113	BCM A.1850-1982					
MS 2289	P251529	MS 2289					
MS 2921	P252007	MS 2921				Inana-Dumuzi	
MS 3071	P252080	MS 3071				Ninisina-Gula	
MS 3314	P252255	MS 3314				Inana-Dumuzi	
MS 3358	P252299	MS 3358				Inana-Dumuzi	
MS 3406	P252347	MS 3406					
N 1053	P276199	N 1053	2970	Balag ID (126)	Balag	Inana-Dumuzi	
N 1296	P276447	N 1296	2980	Balag Enlil (259)	Balag	Enlil	
N 1322 +	P276471	N 1322 + N 1331b + N 1355	2990	Balag Nintu (198)	Balag	Nintu	
N 1365	P276512	N 1365					
N 1372	P276518	N 1372					
N 1373 +	P277466	N 1373 + N 1386 + N 6329 + N 6809 + N 7910 + unnumbered	3000	Balag ID (97)	Balag	Inana-Dumuzi	
N 1411	P276556	N 1411	3010	Uncertain TT Enlil (489)	Uncertain	Enlil	
N 1522	P276657	N 1522	3020	Uncertain TT and D (494)	Uncertain	Uncertain	
N 1542 + N 1577	P276671	N 1542 + N 1577				Suen	
N 1935	P277049	N 1935	3030	Balag ID (127)	Balag	Inana-Dumuzi	
N 2085	P277194	N 2085				Inana	
N 2372 +	X000109	N 2372 + N 3101 + N 4572 + N 6471 + N 7401	3040	Balag ID (98)	Balag	Inana-Dumuzi	
N 2684	P277752	N 2684	3050	Balag ID (45)	Balag	Inana-Dumuzi	
N 2983	P278047	N 2983	3060	Balag Enlil (224)	Balag	Enlil	
N 3043 +	P278106	N 3043 + N 3044	3070	Balag NG (182)	Balag	Ninisina-Gula	
N 3095	P278152	N 3095	3090	Balag ID (46)	Balag	Inana-Dumuzi	
N 3127	P278183	N 3127	3100	Balag ID (128)	Balag	Inana-Dumuzi	
N 3164	P278218	N 3164	3110	Balag ID (99)	Balag	Inana-Dumuzi	
N 3316	P278359	N 3316	3120	Ershemma Enlil (421)	Ershemma	Enlil	
N 3329 + N 7472	P278371	N 3329 + N 7472	3130	Balag ID (129)	Balag	Inana-Dumuzi	
N 3332	P278373	N 3332	3140	Balag ID (130)	Balag	Inana-Dumuzi	
N 3338 + N 3380	P278417	N 3338 + N 3380	3150	Balag ID (131)	Balag	Inana-Dumuzi	
N 3342	P278382	N 3342	3160	Uncertain TT ID (472)	Uncertain	Inana-Dumuzi	
N 3344	P278384	N 3344	3170	Balag ID (132)	Balag	Inana-Dumuzi	
N 3348 + N 3377 + N 3423 + N 4186 + N 4850 + N 7684	P278414	N 3348 + N 3377 + N 3423 + N 4186 + N 4850 + N 7684	3180	Balag ID (133)	Balag	Inana-Dumuzi	
N 3358	P278398	N 3358	3190	Balag ID (134)	Balag	Inana-Dumuzi	
N 3373	P278410	N 3373				Inana-Dumuzi	
N 3383	P278420	N 3383					
N 3388 + N 4228	P278424	N 3388 + N 4228	3200	Balag ID (47)	Balag	Inana-Dumuzi	
N 3396 + N 7777	P278431	N 3396 + N 7777	3220	Balag ID (135)	Balag	Inana-Dumuzi	
N 3512 +	P278541	N 3512 + N 6322				Inana-Dumuzi	
N 3556	P278581	N 3556	3230	Ershemma Enlil (422)	Ershemma	Enlil	
N 3560	P278585	N 3560				Inana-Dumuzi	
N 3577	P278602	N 3577				Inana-Dumuzi	
N 3605	P278623	N 3605	3240	Balag ID (136)	Balag	Inana-Dumuzi	
N 3616	P278634	N 3616	3250	Uncertain TT ID (473)	Uncertain	Inana-Dumuzi	
N 3655	P275008	N 3655	3260	Balag ID (137)	Balag	Inana-Dumuzi	
N 3683	P278698	N 3683	3270	Balag ID (138)	Balag	Inana-Dumuzi	
N 4100	P275010	N 4100	3280	Balag ID (139)	Balag	Inana-Dumuzi	
N 4124	P278999	N 4124	3290	Ershemma Enlil (423)	Ershemma	Enlil	
N 4163	P279029	N 4163	3300	Balag Martu (273)	Balag	Martu	
N 4190	P279055	N 4190	3310	Balag ID (100)	Balag	Inana-Dumuzi	
N 4204	P275011	N 4204	3320	Balag ID (140)	Balag	Inana-Dumuzi	
N 4210 +	P279073	N 4210 + unnumbered	3330	Balag Enlil (225)	Balag	Enlil	
N 4216	P279079	N 4216	3340	Balag NG (183)	Balag	Ninisina-Gula	
N 4305	P275012	N 4305				Inana-Dumuzi	
N 5450	P228467	N 5450	3350	Uncertain TT and D (495)	Uncertain	Uncertain	
N 5662	P279766	N 5662	3360	Balag NG (184)	Balag	Ninisina-Gula	
N 7276	P281009	N 7276	3370	Uncertain TT ID (474)	Uncertain	Inana-Dumuzi	
N 7458	P281187	N 7458	3380	Uncertain TT ID (475)	Uncertain	Inana-Dumuzi	
N 7816	P281540	N 7816	3390	Balag ID (141)	Balag	Inana-Dumuzi	
N 7854	P281578	N 7854	3400	Balag Enlil (260)	Balag	Enlil	
NABU 2012/008	P255232	N 6399 + UM 29-13-246	3410	Balag Enlil (233)	Balag	Enlil	
NABU 2012/044	P278132	N 3073 + N 3312	3080	Ershemma ID (353)	Ershemma	Inana-Dumuzi	
Nanna O	P256324	UM 29-15-570				Nanna	
NBC 10923	P286260	NBC 10923				Inana-Dumuzi	
NCBT 00688	P302741	NCBT 00688	100	Balag ID (6)	Balag	Inana-Dumuzi	
NFT p. 202, AO 4327	P315471	AO 04327	2380	Balag ID (115)	Balag	Bau	
NFT p. 204-206, AO 4328 (+) AO 4330	P315472	AO 04328 (+) 04330	2410	Balag Bau (201)	Balag	Bau	
NFT p. 205, AO 4336+	P315473	AO 04336 + AO 04337	2450	Balag ID (88)	Balag	Inana-Dumuzi	
NFT p. 206	P355650	AO 04338	2460	Balag Uncertain Deity (303)	Balag	Uncertain	
NFT p. 207	P355651	AO 04331 + AO 04335	2420	Ershemma ID (329)	Ershemma	Inana-Dumuzi	
NFT p. 208	P355652	AO 04329	2400	Balag ID (85)	Balag	Inana-Dumuzi	
NFT p. 209	P355653	AO 04334 + AO 04339 + AO 04340 + AO 04341	2440	Balag ID (87)	Balag	Inana-Dumuzi	
NFT p. 210, AO 4333	P355655	AO 04333	2430	Balag ID (86)	Balag	Inana-Dumuzi	
NFT p. 210, AO 4342	P355654	AO 04342	2470	Balag ID (116)	Balag	Inana-Dumuzi	
NFT p. 211, AO 4316	P355659	AO 04316	2370	Ershemma Bau (403)	Ershemma	Bau	
NFT p. 211, AO 4345	P355656	AO 04345	2480	Balag Uncertain Deity (304)	Balag	Uncertain	
NFT p. 211, AO 4346	P355660	AO 04346	2490	Uncertain TT ID (471)	Uncertain	Inana-Dumuzi	
Ni 2369	P345118	Ni 2369				Inana-Dumuzi	
Ni 2377a	P345166	Ni 2377a				Inana-Dumuzi	
Ni 2408	P345089	Ni 2408				Inana-Dumuzi	
Ni 2429	P345297	Ni 2429				Inana-Dumuzi	
Ni 2431	P345295	N 2431				Inana-Dumuzi	
Ni 2489	P345323	Ni 2489				Inana-Dumuzi	
Ni 3056	P345188	Ist Ni 03056				Inana-Dumuzi	
Ni 4019 +	P266110	Ni 4019 + Ni 4011 + CBS 10941 + CBS 10917				Inana-Dumuzi	
Ni 4552	P343628	Ist Ni 04552				Inana-Dumuzi	
Ni 4563	P464076	Ni 4563				Inana-Dumuzi	
Ni 4569	P343146	Ni 4569				Inana-Dumuzi	
Ni 9602	P343627	Ni 9602				Inana-Dumuzi	
Ni 9846	P464018	Ni 9846				Inana-Dumuzi	
Nin-imma A	P343093	Ist Ni 04233				Nin-imma	
OECT 05, 05	P345786	Ashm. 1924-1612				Ninurta	
OECT 05, 10	P345791	Ashm 1930-0362	4640	Balag AD (196)	Balag	Aruru-Dingirmah	
OECT 05, 16	P345797	Ashm 1930-0363b+i	4650	Ershemma ID (380)	Ershemma	Inana-Dumuzi	
OECT 05, 18	P345799	Ashm 1930-0341a	4610	Balag NG (187)	Balag	Ninisina-Gula	
OECT 05, 37	P345818	Ashm 1930-0402e	4690	Balag Enlil (238)	Balag	Enlil	
OECT 05, 39	P345820	Ashm 1930-0363j	4660	Ershemma Nanna-Suen (458)	Ershemma	Nanna-Suen	
OECT 05, 40	P345821	Ashm 1930-0344 + Ashm 1930-0363c	4620	Ershemma ID (381)	Ershemma	Inana-Dumuzi	
OECT 05, 41	P345822	Ashm 1930-0402d	4680	Balag ID (163)	Balag	Inana-Dumuzi	
OECT 05, 42	P345823	Ashm 1930-0399b	4670	Balag ID (164)	Balag	Inana-Dumuzi	
OECT 05, 43	P345824	Ashm 1930-0345c	4630	Uncertain TT and D (506)	Uncertain	Uncertain	
OECT 05, 44	P345825	Ashm. 1930-402c				Enlil	
OECT 05, 45	P345826	Ashm 1930-0230g	4600	Balag ID (165)	Balag	Inana-Dumuzi	
OECT 05, 46	P345827	Ashm 1924-1062 + Ashm 1924-2156	4700	Balag ID (166)	Balag	Inana-Dumuzi	
OECT 05, 49	P345830	Ashm 1924-1443				Inana	
OECT 05, 57	P345838	Ashm 1930-0366i	4710	Balag NG (188)	Balag	Ninisina-Gula	
OECT 11, 14	P348907	Ashm. 1930-341b				Ninisina-Gula	
OIM A06742	P392068	OIM A06742	4770	Ershemma NG (387)	Ershemma	Ninisina-Gula	Unpublished, see Cohen 1981, 16 n. 110
OIP 016, 030	P266500	CBS 11349	2850	Balag ID (94)	Balag	Inana-Dumuzi	
OIP 016, 032	P370896	CBS 11178	2790	Balag Enki (278)	Balag	Enki	
OIP 016, 085	P262310	CBS 07285	2700	Balag Enlil (255)	Balag	Enlil	
OIP 016, 122	P262930	CBS 07990	2710	Balag ID (119)	Balag	Inana-Dumuzi	
PBS 01/1, 05	P260028	CBS 03656	2670	Balag NG (181)	Balag	Ninisina-Gula	
PBS 01/1, 08	P266508	CBS 11359	2860	Balag Enlil (215)	Balag	Enlil	
PBS 01/1, 10	P266483	CBS 11326	2810	Balag ID (92)	Balag	Inana-Dumuzi	
PBS 10/2, 02	P257610	CBS 00045	2540	Ershemma AD (397)	Ershemma	Aruru-Dingirmah	
PBS 10/2, 03	P257600	CBS 00035	2530	Ershemma Martu (449)	Ershemma	Martu	
PBS 10/2, 13	P257677	CBS 00112	2560	Balag Enlil (232)	Balag	Enlil	
PBS 10/2, 17	P264319	CBS 06890	2680	Balag ID (13)	Balag	Inana-Dumuzi	
PBS 10/4, 05	P269760	CBS 15204	2960	Balag Enlil (258)	Balag	Enlil	
PBS 12, 27	P257700	CBS 00135	2570	Ershemma Utu (271)	Ershemma	Utu	
PRAK B 046 + PRAK C 094	P343863	Ist —				Inana-Dumuzi	
PRAK B 048 +	P343865	Ist —	3650	Ershemma ID (351)	Ershemma	Inana-Dumuzi	
PRAK B 060	P343877	Ist —	3660	Uncertain TT and D (496)	Uncertain	Uncertain	
PRAK B 110	P343927	Ist —	3670	Balag ID (145)	Balag	Inana-Dumuzi	
PRAK B 123	P343940	Ist —	3680	Balag Uncertain Deity (311)	Balag	Uncertain	
PRAK B 184	P344000	Ist —	3690	Ershemma ID (352)	Ershemma	Inana-Dumuzi	
PRAK B 186	P344002	Ist —	3700	Balag ID (146)	Balag	Inana-Dumuzi	
PRAK B 188	P344004	Ist —	3710	Balag ID (18)	Balag	Inana-Dumuzi	
PRAK B 192	P344008	Ist —	3720	Uncertain TT and D (497)	Uncertain	Uncertain	
PRAK B 233	P344049	Ist —	3730	Balag Uncertain Deity (312)	Balag	Uncertain	
PRAK B 240	P344056	Ist —	3740	Balag Uncertain Deity (313)	Balag	Uncertain	
PRAK B 244	P344060	Ist —	3750	Uncertain TT and D (498)	Uncertain	Uncertain	
PRAK B 255	P344071	Ist —	3760	Balag Bau (202)	Balag	Bau	
PRAK B 264	P344080	Ist Ki 847	3770	Balag ID (147)	Balag	Inana-Dumuzi	
PRAK B 271 +	P344087	Ist — + AO 10686	3780	Balag ID (148)	Balag	Inana-Dumuzi	
PRAK B 277	P344093	Ist —	3790	Uncertain TT Ninhursag (482)	Uncertain	Ninhursag	
PRAK B 298	P344114	Ist —	3800	Uncertain TT ID (476)	Uncertain	Inana-Dumuzi	
PRAK B 307	P344123	Ist —	3810	Balag Enlil (235)	Balag	Enlil	
PRAK B 308	P344124	Ist —	3820	Uncertain TT and D (499)	Uncertain	Uncertain	
PRAK B 319	P344135	Ist —	3830	Ershemma Uncertain Deity (465)	Ershemma	Uncertain	
PRAK B 320	P344136	Ist —	3840	Uncertain TT and D (500)	Uncertain	Uncertain	
PRAK B 322 +	P344138	Ist — + AO 10645	3850	Ershemma NG (391)	Ershemma	Ninisina-Gula	
PRAK B 331 +	P344147	Ist — (+) A) 10679	3860	Balag NG (185)	Balag	Ninisina-Gula	
PRAK B 332	P344148	Ist Ki 0915	3870	Balag ID (149)	Balag	Inana-Dumuzi	
PRAK B 342	P344158	Ist —	3880	Balag Uncertain Deity (314)	Balag	Uncertain	
PRAK B 344	P344160	Ist —	3890	Uncertain TT ID (477)	Uncertain	Inana-Dumuzi	
PRAK B 348	P344164	Ist —	3900	Balag ID (49)	Balag	Inana-Dumuzi	
PRAK B 350	P344166	Ist —	3910	Ershemma Uncertain Deity (467)	Ershemma	Uncertain	
PRAK B 351	P344167	Ist —	3920	Uncertain TT and D (501)	Uncertain	Uncertain	
PRAK B 352	P344168	Ist —	3930	Uncertain TT and D (502)	Uncertain	Uncertain	
PRAK B 357	P344173	Ist —	3940	Balag Enlil (263)	Balag	Enlil	
PRAK B 361	P344177	Ist —	3950	Ershemma ID (374)	Ershemma	Inana-Dumuzi	
PRAK B 362	P344178	Ist —	3960	Ershemma Uncertain Deity (468)	Ershemma	Uncertain	
PRAK B 364	P344180	Ist —	3970	Uncertain TT ID (478)	Uncertain	Inana-Dumuzi	
PRAK B 380	P344196	Ist —	3980	Ershemma ID (375)	Ershemma	Inana-Dumuzi	
PRAK B 389	P344205	Ist —	3990	Balag ID (19)	Balag	Inana-Dumuzi	
PRAK B 395	P344211	Ist —	4000	Ersehmma ID (376)	Ersehmma	Inana-Dumuzi	
PRAK B 396	P344212	Ist Ki 976 + Ist Ki 1035	4010	Balag ID (20)	Balag	Inana-Dumuzi	
PRAK B 405	P344221	Ist —	4020	Ershemma Enlil (424)	Ershemma	Enlil	
PRAK B 413	P344229	Ist —	4030	Ershemma Utu (432)	Ershemma	Utu	
PRAK B 415	P344231	Ist —	4040	Balag NG (186)	Balag	Ninisina-Gula	
PRAK B 417	P344233	Ist —	4050	Balag ID (150)	Balag	Inana-Dumuzi	
PRAK B 420	P344236	Ist —	4060	Balag Uncertain Deity (315)	Balag	Uncertain	
PRAK B 421	P344237	Ist —	4070	Uncertain TT Enlil (491)	Uncertain	Enlil	
PRAK B 425	P344241	Ist —	4080	Balag ID (151)	Balag	Inana-Dumuzi	
PRAK B 447	P344263	Ist —	4090	Balag ID (152)	Balag	Inana-Dumuzi	
PRAK B 460	P344277	Ist —	4100	Balag Bau (203)	Balag	Bau	
PRAK B 461	P344278	Ist —	4110	Ershemma ID (377)	Ershemma	Inana-Dumuzi	
PRAK B 463	P344280	Ist —	4120	Uncertain TT and D (503)	Uncertain	Uncertain	
PRAK B 465	P344282	Ist —	4140	Balag Enlil (216)	Balag	Enlil	
PRAK B 471	P344288	Ist —	4150	Balag AD (193)	Balag	Aruru-Dingirmah	
PRAK B 471bis	P344289	Ist —	4160	Balag ID (153)	Balag	Inana-Dumuzi	
PRAK C 005	P344880	AO 10625	4170	Ershemma ID (378)	Ershemma	Inana-Dumuzi	
PRAK C 006	P344881	AO 10626	4180	Balag ID (154)	Balag	Inana-Dumuzi	
PRAK C 007	P344882	AO 10627	4190	Balag ID (155)	Balag	Inana-Dumuzi	
PRAK C 008 +	P345055	AO 10628 + AO 10724 + AO 10754 + AO 10758 (+) AO 10800	4200	Balag ID (103)	Balag	Inana-Dumuzi	
PRAK C 009	P344884	AO 10629	4210	Balag Enlil (236)	Balag	Enlil	
PRAK C 023 + PRAK C 032	P344898	AO 10643 + AO 10652	4250	Uncertain TT NG (480)	Uncertain	Ninisina-Gula	
PRAK C 026	P344901	AO 10646	4220	Balag ID (104)	Balag	Inana-Dumuzi	
PRAK C 027	P344902	AO 10647	4230	Balag ID (156)	Balag	Inana-Dumuzi	
PRAK C 031	P344906	AO 10651 + AO 10714 + AO 10717 + AO 10756	4240	Balag AD (194)	Balag	Aruru-Dingirmah	
PRAK C 034	X000113	AO 10654	4260	Ershemma Enlil (425)	Ershemma	Enlil	
PRAK C 039 +	P493270	AO 10713	4270	Ershemma Enlil (416)	Ershemma	Enlil	
PRAK C 042	P344916	AO 10662	4280	Balag ID (157)	Balag	Inana-Dumuzi	
PRAK C 047 +	P344921	AO 10667 + AO 10735	4290	Ershemma ID (340)	Ershemma	Inana-Dumuzi	
PRAK C 048	P344922	AO 10668	4300	Uncertain TT and D (504)	Uncertain	Uncertain	
PRAK C 049	P344923	AO 10669	4310	Balag Uncertain Deity (316)	Balag	Uncertain	
PRAK C 050	P344924	AO 10670	4320	Ershemma Enlil (426)	Ershemma	Enlil	
PRAK C 051	P344925	AO 10671	4330	Ershemma ID (379)	Ershemma	Inana-Dumuzi	
PRAK C 052 +	P344926	AO 10672 + AO 10737 +	4340	Balag ID (21)	Balag	Inana-Dumuzi	
PRAK C 054	P344928	AO 10674	4350	Ershemma ID (341)	Ershemma	Inana-Dumuzi	
PRAK C 056	P344930	AO 10676	4360	Balag AD (195)	Balag	Aruru-Dingirmah	
PRAK C 057	P344931	AO 10677	4370	Ershemma Enlil (417)	Ershemma	Enlil	
PRAK C 058	P344932	AO 10678	4380	Balag ID (158)	Balag	Inana-Dumuzi	
PRAK C 062 (+)? PRAK C 116	P344936	AO 10682 (+) AO 10732					
PRAK C 063	P344937	AO 10683	4390	Balag ID (159)	Balag	Inana-Dumuzi	
PRAK C 065	P344939	AO 10685	4400	Ershemma Enki (453)	Ershemma	Enki	
PRAK C 070	P344944	AO 10687	4410	Balag ID (160)	Balag	Inana-Dumuzi	
PRAK C 072	P344946	AO 10688	4420	Balag Enlil (237)	Balag	Enlil	
PRAK C 074	P344948	AO 10690	4430	Balag ID (50)	Balag	Inana-Dumuzi	
PRAK C 092	P344965	AO 10708	4440	Balag ID (161)	Balag	Inana-Dumuzi	
PRAK C 093	P344966	AO 10709	4450	Balag Uncertain Deity (317)	Balag	Uncertain	
PRAK C 099	P344972	AO 10715	4460	Balag Uncertain Deity (318)	Balag	Uncertain	
PRAK C 100	P344973	AO 10716	4470	Uncertain TT NG (481)	Uncertain	Ninisina-Gula	
PRAK C 105 + PRAK C 113	P344978	AO 10721 + 10729	4480	Ershemma Šulpae (452)	Ershemma	Šulpae	
PRAK C 118	P344991	AO 10734	4500	Balag ID (51)	Balag	Inana-Dumuzi	
PRAK C 122	P344995	AO 10738	4510	Balag Enlil (264)	Balag	Enlil	
PRAK C 124	P344997	AO 10740	4520	Balag ID (5)	Balag	Inana-Dumuzi	
PRAK C 129	X000114		4530	Balag Enlil (265)	Balag	Enlil	
PRAK C 130	P345003	AO 10746	4540	Uncertain TT and D (505)	Uncertain	Uncertain	
PRAK D 001 + PRAK D 040	P345017	AO 10760 + AO 10799	4550	Ershemma Enlil (427)	Ershemma	Enlil	
PRAK D 002	P345018	AO 10761	4560	Ershemma Utu (435)	Ershemma	Utu	
PRAK D 007 + PRAK D 038	P345023	AO 10766 + AO 10797	4570	Balag ID (52)	Balag	Inana-Dumuzi	
PRAK D 045	P345059	AO 10804	4580	Ershemma NG (392)	Ershemma	Ninisina-Gula	
PRAK D 061	P345074	AO 10820	4590	Balag ID (162)	Balag	Inana-Dumuzi	
RA 008, 161	P355691	O12/0.095	4950	Ershemma ID (332)	Ershemma	Inana-Dumuzi	
RA 016, 208	P290067	NBC 01315	20	Balag Enlil (205)	Balag	Enlil	
RA 017, 050	X130519		4960	Balag AD (189)	Balag	Aruru-Dingirmah	
RA 019, 184-5	P355693	AO 03023	2240	Ershemma Ninhursag (399)	Ershemma	Ninhursag	
RA 084, 119-124	P423975	MAH 16014	4880	Ershemma ID (330)	Ershemma	Inana-Dumuzi	
RA 094, 012-013	P355682	MAH 16016	4890	Ershemma ID (382)	Ershemma	Inana-Dumuzi	
RA 114, 098 11	P355669	Sb 12436	2520	Balag ID (23)	Balag	Inana-Dumuzi	
RA 15, 127-134	X907122					Nanše	
RIAA 189	P227377	MRAH O.0017	4930	Ershemma AD (395)	Ershemma	Aruru-Dingirmah	
RIAA 203	P227379	MRAH O.0053	4940	Ershemma Ninlil (400)	Ershemma	Ninlil	
SLTNi 063	P345194	Ist Ni 02312					
SLTNi 103	P345234	Ni 02922			City Lament ?		
SLTNi 110	P345241	Ist Ni 02405	3520	Balag Enlil (262)	Balag	Enlil	
SLTNi 45	P345176	Ist Ni 03074				Inana	
SRT 047	P345338	Ni 02415					
SRT 46	P345337	Ist Ni 02412	3530	Balag ID (17)	Balag	Inana-Dumuzi	
Studies Finkelstein 140	P355694	BM 024975	270	Ershemma ID (342)	Ershemma	Inana-Dumuzi	
Šu-Suen A	P345315	Ni 2463				Inana-Dumuzi	
Šulgi Z	P343098	Ist Ni 04171				Inana	
TCL 15, 01	P345345	AO 03024	2250	Balag Sud (204)	Balag	Sud	
TCL 15, 03 (+) BL VI	P345347	AO 03925 (+) NMS A.1909.405.27				Šulpae; Inana	
TCL 15, 04	P345348	AO 03926	2260	Balag Enlil (251)	Balag	Enlil	
TCL 15, 05	P345349	AO 03927	2270	Balag Uncertain Deity (302)	Balag	Uncertain	
TCL 15, 08	P345352	AO 05374	2280	Balag ID (89)	Balag		
TCL 15, 20	P345364	AO 05385				Inana-Dumuzi	
TCL 16, 68	P345412	AO 06905b	2290	Balag ID (12)	Balag	Inana-Dumuzi	
TCL 16, 69	P345413	AO 06906a	2300	Balag ID (38)	Balag	Inana-Dumuzi	
TCL 16, 74	P345418	AO 07684	2310	Uncertain TT ID (420)	Uncertain	Inana-Dumuzi	
TCL 16, 75 + VS 10, 155	P345419	AO 07685 + VAT 03417	2320	Ershemma NG (390)	Ershemma	Ninisina-Gula	
TCL 16, 76	P345420	AO 07686	2330	Balag Enlil (252)	Balag	Enlil	
TCL 16, 78	P345422	AO 07697	2350	Ershemma ID (336)	Ershemma	Inana-Dumuzi	
TCL 16, 95	P345439	AO 09070	2360	Balag ID (90)	Balag	Inana-Dumuzi	
TH00-T0017	X907119					Inana	
TH00-T0018	X907121						
TH00-T0057a +	X907120					Enlil	
TIM 09, 005	P223438	IM 043413			Ershahunga		
TIM 09, 010	P223449	IM 44539a				Inana-Dumuzi	
TIM 09, 014	P223411	IM 11087, 085 (065)				Inana-Dumuzi	
TIM 09, 015	P223481	IM 062827	4750	Balag ID (53)	Balag	Inana-Dumuzi	
TIM 09, 030	P223475	IM 054345	4730	Ershemma Utu (438)	Ershemma	Utu	
TIM 09, 031	P223457	IM 051253	4720	Balag ID (167)	Balag	Inana-Dumuzi	
TLB 02, 01	P389155	LB 0691	4840	Balag ID (106)	Balag	Inana-Dumuzi	
TLB 02, 06	P345845	LB 1823	4850	Balag Enlil (266)	Balag	Enlil	
TMH NF 4, 17 + TMH NF 4, 50	P345662	HS 1484 + HS 2520 + HS 2521 + HS 2683 + HS 2851 + HS 1453c	3570	Balag Enlil (226)	Balag	Enlil	
TMH NF 4, 56	P345696	HS 1507	3590	Balag ID (101)	Balag	Inana-Dumuzi	
TMH NF 4, 84	P345721	HS 1431 + HS 2722	3560	Uncertain TT Enlil (261)	Uncertain	Enlil	
TUM 3, 26	P345621	HS 1494	3580	Ershemma ID (329)	Ershemma	Inana-Dumuzi	
UET 6, 0191	P346276	BM —				Enlil	
UET 6, 121	P346206	BM —				Inana-Dumuzi	
UET 6, 122	P346207	BM —				Inana-Dumuzi	
UET 6, 140	P346225					Inana	
UET 6, 22	P346107	BM —				Inana-Dumuzi	
UET 6, 473	P346511	BM —				Inana	
ULCI 17	X907115	ULCI 17				Enlil	
UM 29-13-596 +	P255527	UM 29-13-596 + N 4188	3430	Balag Uncertain Deity (306)	Balag	Uncertain	
UM 29-15-242	P256070	UM 29-15-242				Inana-Dumuzi	
UM 29-15-368 + UM 29-15-443	P256178	UM 29-15-368 + UM 29-15-443	3440	Balag ID (44)	Balag	Inana-Dumuzi	
UM 29-15-636	P256368	UM 29-15-636	3450	Balag Uncertain Deity (307)	Balag	Uncertain	
UM 29-16-37	P256650	UM 29-16-37				Inana-Dumuzi	
UM 29-16-435	P256933	UM 29-16-435				Inana-Dumuzi	
UM 29-16-532	P257010	UM 29-16-532	3460	Balag ID (96)	Balag	Inana-Dumuzi	
UM 29-16-762	P257179	UM 29-16-762	3470	Balag ID (125)	Balag	Inana-Dumuzi	
UM 29-16-8	P256630	UM 29-16-8				Inana-Dumuzi	
UM 55-21-309	P257383	UM 55-21-309				Inana-Dumuzi	
Utu E; Utu F	P355673	BM 023631			Shirnamshub	Utu	
VAT 03578	X130506	VAT 03578	2090	Uncertain TT ID (470)	Uncertain	Inana-Dumuzi	
VS 02, 001	P342809	VAT 00608 + VAT 01345	980	Collective Tablet	Collective	Collective	
VS 02, 002	P342810	VAT 00617	1040	Collective Tablet (334, 402 and 410)	Collective Tablet	Inana-Dumuzi	
VS 02, 003	P342811	VAT 00604 + VAT 00614 + VAT 01350 (+) VAT 01370	940	Balag ID (29)	Balag	Inana-Dumuzi	
VS 02, 004	P342812	VAT 00613 + VAT 01335 + VAT 01349	1020	Balag ID (73)	Collective Tablet		
VS 02, 005 +	P342813	VAT 01338 + VAT 01348 + VAT 01406 + VAT 02164 + VAT 03702	1110	Balag Enlil (213)	Balag	Enlil	
VS 02, 006	P342814	VAT 01379	1260	Balag Enlil (243)	Balag	Enlil	
VS 02, 007 (+) VS 2, 013	P342815	VAT 01337 + VAT 01363 (+) VAT 01567	1100	Balag Enlil (212)	Balag	Enlil	
VS 02, 008	P342816	VAT 00605 + VAT 01362 + VAT 01368 + VAT 01374 + VAT 01388	950	Balag Enlil (210)	Balag	Enlil	
VS 02, 009	P342817	VAT 01465	1530	Balag Enlil (214)	Balag	Enlil	
VS 02, 010	P342818	VAT 01438 + VAT 01529 + VAT 01530	1490	Balag Enlil (221)	Balag	Enlil	
VS 02, 011	P342819	VAT 00607 + VAT 00616 + VAT 01353 + AO 03924	970	Balag Enlil (211)	Balag	Enlil	
VS 02, 014	P342822	VAT 01407	1340	Balag Enlil (244)	Balag	Enlil	
VS 02, 015	P342823	VAT 01356	1170	Uncertain TT Enlil (483)	Uncertain	Enlil	
VS 02, 017	P342825	VAT 01346	1150	Balag Enlil (241)	Balag	Enlil	
VS 02, 018	P342826	VAT 01342	1130	Balag Enlil (240)	Balag	Enlil	
VS 02, 019	P342827	VAT 01423	1450	Ershemma Enlil (413)	Ershemma	Enlil	
VS 02, 020	P342828	VAT 01382 + VAT 01383	1290	Balag NG (175)	Balag	Ninisina-Gula	
VS 02, 021	P342829	VAT 01373	1230	Balag Enlil (242)	Balag	Enlil	
VS 02, 022	P342830	VAT 01381	1280	Balag Uncertain Deity (290)	Balag	Uncertain	
VS 02, 023	P342831	VAT 01564	1690	Balag Uncertain Deity (294)	Balag	Uncertain	
VS 02, 024	P342832	VAT 01566	1700	Balag Enlil (245)	Balag	Enlil	
VS 02, 025	P342833	VAT 00609 + VAT 00618 + VAT 01355 + VAT 01358 + VAT 01369 + VAT 01392 + VAT 01396 + VAT 01397 + VAT 01565	990	Balag NG (169)	Balag	Ninisina-Gula	
VS 02, 026	P342834	VAT 00611 + VAT 00612 + VAT 01321	1010	Balag ID (30)	Balag	Inana-Dumuzi	
VS 02, 027	P342835	VAT 07032	2180	Balag ID (84)	Balag	Inana-Dumuzi	
VS 02, 028	P342836	VAT 01410 + VAT 01411	1360	Balag ID (32)	Balag	Inana-Dumuzi	
VS 02, 029	P342837	VAT 01339	1120	Balag ID (10)	Balag	Inana-Dumuzi	
VS 02, 030	P342838	VAT 01385 + VAT 01386	1310	Balag ID (76)	Balag	Inana-Dumuzi	
VS 02, 031	P342839	VAT 00615 + VAT 01394 (+) VAT 01340	1030	Balag ID (74)	Balag	Inana-Dumuzi	
VS 02, 032	P342840	VAT 01412	1370	Balag ID (77)	Balag	Inana-Dumuzi	
VS 02, 033	P342841	VAT 01347	1160	Balag NG (174)	Balag	Ninisina-Gula	
VS 02, 034	P342842	VAT 06085	2170	Ershemma ID (335)	Ershemma	Inana-Dumuzi	
VS 02, 036	P342844	VAT 01462	1520	Balag ID (11)	Balag	Inana-Dumuzi	
VS 02, 037	P342845	VAT 01434 (+) VAT 01435	1470	Ershemma ID (364)	Ershemma	Inana-Dumuzi	
VS 02, 038	P342846	VAT 01420	1430	Ershemma ID (362)	Ershemma	Inana-Dumuzi	
VS 02, 039	P342847	VAT 01432	1460	Balag ID (33)	Balag	Inana-Dumuzi	
VS 02, 040	X000110	VAT 01365 + VAT 01366	1200	Ershemma ID (361)	Ershemma	Inana-Dumuzi	
VS 02, 041	P342849	VAT 01408	1350	Balag ID (111)	Balag	Inana-Dumuzi	
VS 02, 042	P342850	VAT 01389	1320	Balag ID (110)	Balag	Inana-Dumuzi	
VS 02, 043	P342851	VAT 01336	1090	Uncertain TT NG (479)	Uncertain	Ninisina-Gula	
VS 02, 044	P342852	VAT 01453	1510	Balag ID (78)	Balag	Inana-Dumuzi	
VS 02, 045	P342848	VAT 01360 + VAT 01391 (+?) VAT 01361	1180	Ershemma ID (360)	Ershemma	Inana-Dumuzi	
VS 02, 046	P342854	VAT 01378				Inana-Dumuzi	
VS 02, 047	P342855	VAT 01320			Ershahunga		
VS 02, 048	P342856	VAT 01437	1480	Ershemma ID (365)	Ershemma	Inana-Dumuzi	
VS 02, 049	P342857	VAT 01546	1630	Balag ID (112)	Balag	Inana-Dumuzi	
VS 02, 050	P342858	VAT 01436					
VS 02, 051	P342859	VAT 01415	1390	Ershemma Iškur (280)	Ershemma	Iškur	
VS 02, 052	P342860	VAT 00606	960	Balag Enlil (239)	Balag	Enlil	
VS 02, 054	P342862	VAT 01443	1500	Balag NG (177)	Balag	Ninisina-Gula	
VS 02, 055	P342863	VAT 01558	1670	Balag NG (178)	Balag	Ninisina-Gula	
VS 02, 056	P342864	VAT 01542	1600	Ershemma ID (366)	Ershemma	Inana-Dumuzi	
VS 02, 057	P342865	VAT 01576	1720	Balag ID (113)	Balag	Inana-Dumuzi	
VS 02, 058	P342866	VAT 01380	1270	Uncertain TT and D (493)	Uncertain	Uncertain	
VS 02, 059	P342867	VAT 01472	1540	Balag ID (34)	Balag	Inana-Dumuzi	
VS 02, 060	P342868	VAT 01463				Inana-Dumuzi	
VS 02, 061	P342869	VAT 01544	1620	Ershemma NG (389)	Ershemma	Ninisina-Gula	
VS 02, 062	P342870	VAT 01548	1640	Ershemma Enlil (411)	Ershemma	Enlil	
VS 02, 064	P342872	VAT 00610	1000	Balag NG (171)	Balag	Ninisina-Gula	
VS 02, 065	P342873	VAT 06086			Shirnamshub	Nisaba	
VS 02, 066	P342874	VAT 01416	1400	Balag Enki (277)	Balag	Enki	
VS 02, 067	P342875	VAT 01541	1590	Balag Enki (276)	Balag	Enki	
VS 02, 068	P342876	VAT 01354			Shirnamshub	Suen	
VS 02, 069 (+) VS 02, 071	P342877	VAT 01509 (+) VAT 01557	1550	Ershemma Utu (434)	Ershemma	Utu	
VS 02, 070	P342878	VAT 01314	1060	Ershemma Utu (429)	Ershemma	Utu	
VS 02, 072	P342880	VAT 01344	1140	Ershemma Utu (436)	Ershemma	Utu	
VS 02, 073 +	P342881	VAT 01323 + VAT 03538 (+) VAT 1395	1070	Ershemma Utu (430)	Ershemma	Utu	
VS 02, 074	P342882	VAT 01377	1240	Ershemma Iškur (445)	Ershemma	Iškur	
VS 02, 075	P342883	VAT 01372	1220	Balag Uncertain Deity (289)	Balag	Nanna, Martu	
VS 02, 076	P342884	VAT 01417	1410	Balag Martu (272)	Balag	Martu	
VS 02, 077	P342885	VAT 01384	1300	Ershemma Martu (447)	Ershemma	Martu	
VS 02, 078	P342886	VAT 06110				Šulpae	
VS 02, 079	P342887	VAT 00603				Nergal	
VS 02, 080	P342888	VAT 01393					
VS 02, 081	P342889	VAT 01398					
VS 02, 083	P342891	VAT 01568					
VS 02, 084	P342892	VAT 01399					
VS 02, 085	P342893	VAT 01533	1570	Uncertain TT ID (469)	Uncertain	Inana-Dumuzi	
VS 02, 086	P342894	VAT 01543	1610	Ershemma Uncertain Deity (460)	Ershemma	Uncertain	
VS 02, 087	P342895	VAT 01538	1580	Balag Uncertain Deity (292)	Balag	Uncertain	
VS 02, 088	P342896	VAT 01390	1330	Balag Uncertain Deity (291)	Balag	Uncertain	
VS 02, 090	P342898	VAT 01563	1680	Balag ID (80)	Balag	Inana-Dumuzi	
VS 02, 091	P342899	VAT 01375					
VS 02, 092 + TCL 16, 77	P342900	VAT 01364 + AO 07687	1190	Balag Enlil (253)	Balag	Enlil	
VS 02, 093	P342901	VAT 01467					
VS 02, 094	P342902	VAT 01419	1420	Ershemma ID (348)	Ershemma	Inana-Dumuzi	
VS 02, 095	P342903	VAT 01367 + VAT 01409	1210	Ershemma ID (347)	Ershemma	Inana-Dumuzi	
VS 02, 096 (+) VS 02, 053	P342904	VAT 01414 (+) VAT 01442	1380	Balag NG (176)	Balag	Ninisina-Gula	
VS 10, 101	P342909	VAT 04112	2130	Ershemma Enlil (414)	Ershemma	Enlil	
VS 10, 102	P342910	VAT 03421 + VAT 03432	1760	Balag Enlil (246)	Balag	Enlil	
VS 10, 103	P342911	VAT 03423	1780	Balag Enlil (247)	Balag	Enlil	
VS 10, 104	P342912	VAT 03425	1790	Balag Enlil (248)	Balag	Enlil	
VS 10, 105	P342913	VAT 03418					
VS 10, 106	P342914	VAT 03429					
VS 10, 107	P342915	VAT 03471	1840	Balag Enlil (231)	Balag	Enlil	
VS 10, 108	P342916	VAT 03567 + VAT 03582	2050	Balag Enlil (250)	Balag	Enlil	
VS 10, 109	P342917	VAT 03561	2040	Ershemma Nanna-Suen (456)	Ershemma	Nanna-Suen	
VS 10, 110	P342918	VAT 03533	1910	Ershemma ID (349)	Ershemma	Inana-Dumuzi	
VS 10, 111	P342919	VAT 03551	1980	Ershemma ID (350)	Ershemma	Inana-Dumuzi	
VS 10, 112	P342920	VAT 03579					
VS 10, 113	P342921	VAT 03580	2100	Ershemma Nanna-Suen (457)	Ershemma	Nanna-Suen	
VS 10, 114	P342922	VAT 03530	1890	Ershemma ID (367)	Ershemma	Inana-Dumuzi	
VS 10, 115	P342923	VAT 03531	1900	Ershemma ID (368)	Ershemma	Inana-Dumuzi	
VS 10, 116	P342924	VAT 03532					
VS 10, 117 + BM 80541	P342925	VAT 03416 + BM 080541	1740	Balag ID (35)	Balag	Inana-Dumuzi	
VS 10, 118	P342926	VAT 03424					
VS 10, 119	P342927	VAT 03422	1770	Balag Uncertain Deity (297)	Balag	Uncertain	
VS 10, 120	P342928	VAT 03427					
VS 10, 121	P342929	VAT 03436					
VS 10, 122	P342930	VAT 03419					
VS 10, 123	P342931	VAT 06077	2160	Balag ID (83)	Balag	Inana-Dumuzi	
VS 10, 124	P342932	VAT 03420 + VAT 03431					
VS 10, 125	P342933	VAT 03513					
VS 10, 126	P342934	VAT 01539					
VS 10, 128	P342936	VAT 03536	1920	Balag ID (82)	Balag	Inana-Dumuzi	
VS 10, 129	P342937	VAT 03552 + VAT 03562	1990	Ershemma ID (371)	Ershemma	Inana-Dumuzi	
VS 10, 130	P342938	VAT 03548	1960	Ershemma Uncertain Deity (462)	Ershemma	Uncertain	
VS 10, 131	P342939	VAT 03558	2020	Ershemma Martu (448)	Ershemma	Martu	
VS 10, 132	P342940	VAT 03528					
VS 10, 133	P342941	VAT 03534					
VS 10, 134	P342942	VAT 03434					
VS 10, 135	P342943	VAT 03435	1830	Balag Enlil (249)	Balag	Enlil	
VS 10, 136	P342944	VAT 03437					
VS 10, 137	P342945	VAT 03438					
VS 10, 138	P342946	VAT 03439					
VS 10, 139	P342947	VAT 03440					
VS 10, 140	P342948	VAT 03485					
VS 10, 141	P342949	VAT 03486					
VS 10, 142	P342950	VAT 03502					
VS 10, 143	P342951	VAT 03542					
VS 10, 144	P342952	VAT 03537	1930	Uncertain TT Enlil (485)	Uncertain	Enlil	
VS 10, 146	P342954	VAT 03547	1950	Ershemma Uncertain Deity (461)	Ershemma	Uncertain	
VS 10, 147	P342955	VAT 03553					
VS 10, 148	P342956	VAT 03576	2080	Ershemma Utu (437)	Ershemma	Utu	
VS 10, 149	P342957	VAT 03526 + VAT 03540	1860	Balag Utu (269)	Balag	Utu	
VS 10, 150	P342958	VAT 03544	1940	Ershemma ID (369)	Ershemma	Inana-Dumuzi	
VS 10, 151	P342959	VAT 03433	1820	Balag Enlil (230)	Balag	Enlil	
VS 10, 153	P342961	VAT 03430	1810	Ershemma Iškur (444)	Ershemma	Iškur	
VS 10, 154	P342962	VAT 03514	1850	Uncertain TT Enlil (484)	Uncertain	Enlil	
VS 10, 157	P342965	VAT 03426	1800	Balag Uncertain Deity (298)	Balag	Uncertain	
VS 10, 158	P342966	VAT 03428			Uncertain	Utu	
VS 10, 159	P342967	VAT 03574	2070	Ershemma ID (372)	Ershemma	Inana-Dumuzi	
VS 10, 160	P342968	VAT 03497					
VS 10, 161	P342969	VAT 03555	2000	Balag ID (114)	Balag	Inana-Dumuzi	
VS 10, 162	P342970	VAT 03543 + VAT 03554					
VS 10, 163	P342971	VAT 03541					
VS 10, 164	P342972	VAT 03566					
VS 10, 165	P342973	VAT 03549					
VS 10, 166	P342974	VAT 03550	1970	Uncertain TT ID (370)	Uncertain	Inana-Dumuzi	
VS 10, 167	P342975	VAT 03606	2120	Ershemma AD (396)	Ershemma	Aruru-Dingirmah	
VS 10, 168	P342976	VAT 03527	1870	Balag Uncertain Deity (299)	Balag	Uncertain	
VS 10, 169	P342977	VAT 03563					
VS 10, 170	P342978	VAT 03529	1880	Balag Uncertain Deity (300)	Balag	Uncertain	
VS 10, 172	P342980	VAT 03559	2030	Balag Uncertain Deity (301)	Balag	Uncertain	
VS 10, 173	P342981	VAT 03589	2110	Balag ID (190)	Balag	Inana-Dumuzi	
VS 10, 174	P342982	VAT 01581 + VAT 03545 + VAT 03569	1730	Balag ID (81)	Balag	Inana-Dumuzi	
VS 10, 175	P342983	VAT 03556	2010	Ershemma Enlil (422)	Ershemma	Enlil	
VS 10, 176	P342984	VAT 01555	1650	Balag ID (79)	Balag	Inana-Dumuzi	
VS 10, 178	P342986	VAT 01556	1660	Balag Uncertain Deity (293)	Balag	Uncertain	
VS 10, 179	P342987	VAT 01421	1440	Ershemma ID (363)	Ershemma	Inana-Dumuzi	
VS 10, 180	P342988	VAT 03795					
VS 10, 181	P342989	VAT 01574	1710	Balag Uncertain Deity (295)	Balag	Uncertain	
VS 10, 182	P342990	VAT 04596	2140	Balag NG (168)	Balag	Ninisina-Gula	
VS 10, 183	P342991	VAT 03570	2060	Ershemma ID (357)	Ershemma	Inana-Dumuzi	
VS 10, 191	P342997	VAT 03577					
VS 10, 195	P343000	VAT 06530				Enlil	
VS 10, 198	P343003	VAT 05448	2150	Ershemma AD (393)	Ershemma	Aruru-Dingirmah	
VS 10, 199	P343004	VAT 07025					
VS 10, 201	P343006	VAT 07760	2190	Ershemma Uncertain Deity (464)	Ershemma	Uncertain	
VS 10, 211	P343016	VAT 01512	1560	Ershemma Utu (431)	Ershemma	Utu	
VS 10, 216	P343021	VAT 06481			Catalog		
VS 17, 48	P343067	VAT 01157	1050	Balag ID (31)	Balag	Inana-Dumuzi	
VS 17, 51	P343070	VAT 08201a	2200	Balag ID (36)	Balag	Inana-Dumuzi	
VS 17, 52	P343071	VAT 08201b					
VS 24, 24	P347143	VAT 15582				Enki	
VS 24, 25	P347144	VAT 17119					
X.3.220	P433192	X.3.220		Shirnamshub?	Shirnamshub?		
YBC 04659	P355670	YBC 04659	40	Balag Enlil (206)	Balag	Enlil	
YBC 09838	P310385	YBC 09838	70	Balag Enlil (207)	Balag	Enlil	
YBC 09862	P310399	YBC 09862	80	Balag ID (1)	Balag	Inana-Dumuzi	
YOS 22, 55	P505941	YBC 09847					
YOS 22, 56	P312023	YBC 12059					
ZA 104, 153-154	P431312					Enlil	
CUNES 50-07-013	P411136	CUNES 50-07-013			letter		
